[34628:35004:0504/120620.084:WARNING:chrome_main_delegate.cc(745)] This is Chrome version 128.0.6613.138 (not a warning)
[34628:41848:0504/120620.158:ERROR:google_update_settings.cc(265)] Failed opening key Software\Chromium to set usagestats; result: 5
[34628:35004:0504/120620.166:WARNING:account_consistency_mode_manager.cc(77)] Desktop Identity Consistency cannot be enabled as no OAuth client ID and client secret have been configured.
[52280:43500:0504/120625.751:WARNING:frame_impl.cc(430)] virtual CefFrameImpl::SendProcessMessage sent to detached frame 5-D5936A7C23A34635D645A6AF0FDB8ACF will be ignored
[52328:40516:0504/120626.215:WARNING:spdy_session.cc(2985)] Received HEADERS for invalid stream 5
[43264:50508:0504/120936.973:WARNING:frame_impl.cc(430)] virtual CefFrameImpl::SendProcessMessage sent to detached frame 7-49F5136D45BE8EBB89DA2AC8C3A80359 will be ignored
[46896:4584:0504/120942.397:VERBOSE1:video_capture_oracle.cc(250)] Client rejects proposal to capture frame (at #36).
[46896:4584:0504/120942.414:VERBOSE1:video_capture_oracle.cc(250)] Client rejects proposal to capture frame (at #36).
[46896:4584:0504/120942.430:VERBOSE1:video_capture_oracle.cc(250)] Client rejects proposal to capture frame (at #36).
[46896:4584:0504/120951.269:VERBOSE1:video_capture_oracle.cc(250)] Client rejects proposal to capture frame (at #101).
[46896:4584:0504/120951.284:VERBOSE1:video_capture_oracle.cc(250)] Client rejects proposal to capture frame (at #101).
[46896:4584:0504/120951.300:VERBOSE1:video_capture_oracle.cc(250)] Client rejects proposal to capture frame (at #101).
[46896:4584:0504/120951.316:VERBOSE1:video_capture_oracle.cc(250)] Client rejects proposal to capture frame (at #101).
[46896:4584:0504/120951.346:VERBOSE1:video_capture_oracle.cc(250)] Client rejects proposal to capture frame (at #101).
[46896:4584:0504/120951.362:VERBOSE1:video_capture_oracle.cc(250)] Client rejects proposal to capture frame (at #101).
[46896:4584:0504/120959.217:VERBOSE1:video_capture_oracle.cc(250)] Client rejects proposal to capture frame (at #158).
[46896:4584:0504/120959.234:VERBOSE1:video_capture_oracle.cc(250)] Client rejects proposal to capture frame (at #158).
[46896:4584:0504/120959.250:VERBOSE1:video_capture_oracle.cc(250)] Client rejects proposal to capture frame (at #158).
[46896:4584:0504/120959.267:VERBOSE1:video_capture_oracle.cc(250)] Client rejects proposal to capture frame (at #158).
[46896:4584:0504/120959.283:VERBOSE1:video_capture_oracle.cc(250)] Client rejects proposal to capture frame (at #158).
[46896:4584:0504/120959.301:VERBOSE1:video_capture_oracle.cc(250)] Client rejects proposal to capture frame (at #158).
[46896:4584:0504/120959.317:VERBOSE1:video_capture_oracle.cc(250)] Client rejects proposal to capture frame (at #158).
[46896:4584:0504/120959.332:VERBOSE1:video_capture_oracle.cc(250)] Client rejects proposal to capture frame (at #158).
[46896:4584:0504/121004.669:VERBOSE1:video_capture_oracle.cc(250)] Client rejects proposal to capture frame (at #195).
[46896:4584:0504/121004.684:VERBOSE1:video_capture_oracle.cc(250)] Client rejects proposal to capture frame (at #195).
[46896:4584:0504/121004.700:VERBOSE1:video_capture_oracle.cc(250)] Client rejects proposal to capture frame (at #195).
[46896:4584:0504/121007.434:VERBOSE1:video_capture_oracle.cc(250)] Client rejects proposal to capture frame (at #218).
[46896:4584:0504/121007.485:VERBOSE1:video_capture_oracle.cc(250)] Client rejects proposal to capture frame (at #220).
[46896:4584:0504/121007.505:VERBOSE1:video_capture_oracle.cc(250)] Client rejects proposal to capture frame (at #220).
[46896:4584:0504/121007.517:VERBOSE1:video_capture_oracle.cc(250)] Client rejects proposal to capture frame (at #220).
[46896:4584:0504/121007.531:VERBOSE1:video_capture_oracle.cc(250)] Client rejects proposal to capture frame (at #220).
[46896:4584:0504/121007.552:VERBOSE1:video_capture_oracle.cc(250)] Client rejects proposal to capture frame (at #220).
[46896:4584:0504/121007.569:VERBOSE1:video_capture_oracle.cc(250)] Client rejects proposal to capture frame (at #220).
[46896:4584:0504/121007.585:VERBOSE1:video_capture_oracle.cc(250)] Client rejects proposal to capture frame (at #220).
[46896:4584:0504/121009.116:VERBOSE1:video_capture_oracle.cc(250)] Client rejects proposal to capture frame (at #240).
[46896:4584:0504/121009.167:VERBOSE1:video_capture_oracle.cc(250)] Client rejects proposal to capture frame (at #242).
[46896:4584:0504/121009.185:VERBOSE1:video_capture_oracle.cc(250)] Client rejects proposal to capture frame (at #242).
[46896:4584:0504/121009.199:VERBOSE1:video_capture_oracle.cc(250)] Client rejects proposal to capture frame (at #242).
[46896:4584:0504/121009.218:VERBOSE1:video_capture_oracle.cc(250)] Client rejects proposal to capture frame (at #242).
[46896:4584:0504/121009.267:VERBOSE1:video_capture_oracle.cc(250)] Client rejects proposal to capture frame (at #244).
[46896:4584:0504/121009.285:VERBOSE1:video_capture_oracle.cc(250)] Client rejects proposal to capture frame (at #244).
[46896:4584:0504/121009.299:VERBOSE1:video_capture_oracle.cc(250)] Client rejects proposal to capture frame (at #244).
[46896:4584:0504/121009.317:VERBOSE1:video_capture_oracle.cc(250)] Client rejects proposal to capture frame (at #244).
[46896:4584:0504/121009.416:VERBOSE1:video_capture_oracle.cc(250)] Client rejects proposal to capture frame (at #248).
[46896:4584:0504/121009.485:VERBOSE1:video_capture_oracle.cc(250)] Client rejects proposal to capture frame (at #251).
[46896:4584:0504/121009.499:VERBOSE1:video_capture_oracle.cc(250)] Client rejects proposal to capture frame (at #251).
[46896:4584:0504/121009.517:VERBOSE1:video_capture_oracle.cc(250)] Client rejects proposal to capture frame (at #251).
[46896:4584:0504/121009.583:VERBOSE1:video_capture_oracle.cc(250)] Client rejects proposal to capture frame (at #254).
[46896:4584:0504/121009.600:VERBOSE1:video_capture_oracle.cc(250)] Client rejects proposal to capture frame (at #254).
[46896:4584:0504/121009.617:VERBOSE1:video_capture_oracle.cc(250)] Client rejects proposal to capture frame (at #254).
[46896:4584:0504/121009.683:VERBOSE1:video_capture_oracle.cc(250)] Client rejects proposal to capture frame (at #257).
[46896:4584:0504/121009.700:VERBOSE1:video_capture_oracle.cc(250)] Client rejects proposal to capture frame (at #257).
[46896:4584:0504/121009.718:VERBOSE1:video_capture_oracle.cc(250)] Client rejects proposal to capture frame (at #257).
[46896:4584:0504/121009.784:VERBOSE1:video_capture_oracle.cc(250)] Client rejects proposal to capture frame (at #260).
[46896:4584:0504/121009.799:VERBOSE1:video_capture_oracle.cc(250)] Client rejects proposal to capture frame (at #260).
[46896:4584:0504/121009.816:VERBOSE1:video_capture_oracle.cc(250)] Client rejects proposal to capture frame (at #260).
[46896:4584:0504/121010.118:VERBOSE1:video_capture_oracle.cc(250)] Client rejects proposal to capture frame (at #267).
[46896:4584:0504/121010.135:VERBOSE1:video_capture_oracle.cc(250)] Client rejects proposal to capture frame (at #267).
[46896:4584:0504/121010.200:VERBOSE1:video_capture_oracle.cc(250)] Client rejects proposal to capture frame (at #270).
[46896:4584:0504/121010.217:VERBOSE1:video_capture_oracle.cc(250)] Client rejects proposal to capture frame (at #270).
[46896:4584:0504/121010.251:VERBOSE1:video_capture_oracle.cc(250)] Client rejects proposal to capture frame (at #271).
[46896:4584:0504/121010.267:VERBOSE1:video_capture_oracle.cc(250)] Client rejects proposal to capture frame (at #271).
[46896:4584:0504/121011.885:VERBOSE1:video_capture_oracle.cc(250)] Client rejects proposal to capture frame (at #285).
[46896:4584:0504/121011.900:VERBOSE1:video_capture_oracle.cc(250)] Client rejects proposal to capture frame (at #285).
[46896:4584:0504/121011.917:VERBOSE1:video_capture_oracle.cc(250)] Client rejects proposal to capture frame (at #285).
[46896:4584:0504/121011.948:VERBOSE1:video_capture_oracle.cc(250)] Client rejects proposal to capture frame (at #286).
[46896:4584:0504/121011.967:VERBOSE1:video_capture_oracle.cc(250)] Client rejects proposal to capture frame (at #286).
[46896:4584:0504/121012.017:VERBOSE1:video_capture_oracle.cc(250)] Client rejects proposal to capture frame (at #288).
[46896:4584:0504/121012.036:VERBOSE1:video_capture_oracle.cc(250)] Client rejects proposal to capture frame (at #288).
[46896:4584:0504/121012.048:VERBOSE1:video_capture_oracle.cc(250)] Client rejects proposal to capture frame (at #288).
[46896:4584:0504/121012.066:VERBOSE1:video_capture_oracle.cc(250)] Client rejects proposal to capture frame (at #288).
[46896:4584:0504/121012.083:VERBOSE1:video_capture_oracle.cc(250)] Client rejects proposal to capture frame (at #288).
[46896:4584:0504/121012.132:VERBOSE1:video_capture_oracle.cc(250)] Client rejects proposal to capture frame (at #290).
[46896:4584:0504/121012.150:VERBOSE1:video_capture_oracle.cc(250)] Client rejects proposal to capture frame (at #290).
[46896:4584:0504/121012.167:VERBOSE1:video_capture_oracle.cc(250)] Client rejects proposal to capture frame (at #290).
[46896:4584:0504/121012.183:VERBOSE1:video_capture_oracle.cc(250)] Client rejects proposal to capture frame (at #290).
[46896:4584:0504/121012.267:VERBOSE1:video_capture_oracle.cc(250)] Client rejects proposal to capture frame (at #293).
[46896:4584:0504/121012.282:VERBOSE1:video_capture_oracle.cc(250)] Client rejects proposal to capture frame (at #293).
[46896:4584:0504/121012.431:VERBOSE1:video_capture_oracle.cc(250)] Client rejects proposal to capture frame (at #298).
[46896:4584:0504/121012.447:VERBOSE1:video_capture_oracle.cc(250)] Client rejects proposal to capture frame (at #298).
[46896:4584:0504/121012.464:VERBOSE1:video_capture_oracle.cc(250)] Client rejects proposal to capture frame (at #298).
[46896:4584:0504/121012.480:VERBOSE1:video_capture_oracle.cc(250)] Client rejects proposal to capture frame (at #298).
[46896:4584:0504/121012.530:VERBOSE1:video_capture_oracle.cc(250)] Client rejects proposal to capture frame (at #300).
[46896:4584:0504/121012.548:VERBOSE1:video_capture_oracle.cc(250)] Client rejects proposal to capture frame (at #300).
[46896:4584:0504/121012.565:VERBOSE1:video_capture_oracle.cc(250)] Client rejects proposal to capture frame (at #300).
[46896:4584:0504/121012.581:VERBOSE1:video_capture_oracle.cc(250)] Client rejects proposal to capture frame (at #300).
[46896:4584:0504/121012.647:VERBOSE1:video_capture_oracle.cc(250)] Client rejects proposal to capture frame (at #303).
[46896:4584:0504/121012.664:VERBOSE1:video_capture_oracle.cc(250)] Client rejects proposal to capture frame (at #303).
[46896:4584:0504/121012.680:VERBOSE1:video_capture_oracle.cc(250)] Client rejects proposal to capture frame (at #303).
[46896:4584:0504/121012.716:VERBOSE1:video_capture_oracle.cc(250)] Client rejects proposal to capture frame (at #304).
[46896:4584:0504/121012.731:VERBOSE1:video_capture_oracle.cc(250)] Client rejects proposal to capture frame (at #304).
[46896:4584:0504/121012.749:VERBOSE1:video_capture_oracle.cc(250)] Client rejects proposal to capture frame (at #304).
[46896:4584:0504/121012.764:VERBOSE1:video_capture_oracle.cc(250)] Client rejects proposal to capture frame (at #304).
[46896:4584:0504/121012.781:VERBOSE1:video_capture_oracle.cc(250)] Client rejects proposal to capture frame (at #304).
[46896:4584:0504/121012.797:VERBOSE1:video_capture_oracle.cc(250)] Client rejects proposal to capture frame (at #304).
[46896:4584:0504/121012.831:VERBOSE1:video_capture_oracle.cc(250)] Client rejects proposal to capture frame (at #305).
[46896:4584:0504/121012.847:VERBOSE1:video_capture_oracle.cc(250)] Client rejects proposal to capture frame (at #305).
[46896:4584:0504/121012.865:VERBOSE1:video_capture_oracle.cc(250)] Client rejects proposal to capture frame (at #305).
[46896:4584:0504/121013.015:VERBOSE1:video_capture_oracle.cc(250)] Client rejects proposal to capture frame (at #308).
[46896:4584:0504/121013.033:VERBOSE1:video_capture_oracle.cc(250)] Client rejects proposal to capture frame (at #308).
[46896:4584:0504/121013.050:VERBOSE1:video_capture_oracle.cc(250)] Client rejects proposal to capture frame (at #308).
[46896:4584:0504/121013.065:VERBOSE1:video_capture_oracle.cc(250)] Client rejects proposal to capture frame (at #308).
[46896:4584:0504/121013.099:VERBOSE1:video_capture_oracle.cc(250)] Client rejects proposal to capture frame (at #309).
[46896:4584:0504/121013.116:VERBOSE1:video_capture_oracle.cc(250)] Client rejects proposal to capture frame (at #309).
[46896:4584:0504/121013.149:VERBOSE1:video_capture_oracle.cc(250)] Client rejects proposal to capture frame (at #310).
[46896:4584:0504/121013.165:VERBOSE1:video_capture_oracle.cc(250)] Client rejects proposal to capture frame (at #310).
[46896:4584:0504/121013.183:VERBOSE1:video_capture_oracle.cc(250)] Client rejects proposal to capture frame (at #310).
[46896:4584:0504/121013.199:VERBOSE1:video_capture_oracle.cc(250)] Client rejects proposal to capture frame (at #310).
[46896:4584:0504/121013.215:VERBOSE1:video_capture_oracle.cc(250)] Client rejects proposal to capture frame (at #310).
[46896:4584:0504/121013.235:VERBOSE1:video_capture_oracle.cc(250)] Client rejects proposal to capture frame (at #310).
[46896:4584:0504/121013.248:VERBOSE1:video_capture_oracle.cc(250)] Client rejects proposal to capture frame (at #310).
[46896:4584:0504/121013.268:VERBOSE1:video_capture_oracle.cc(250)] Client rejects proposal to capture frame (at #310).
[46896:4584:0504/121013.299:VERBOSE1:video_capture_oracle.cc(250)] Client rejects proposal to capture frame (at #311).
[46896:4584:0504/121013.315:VERBOSE1:video_capture_oracle.cc(250)] Client rejects proposal to capture frame (at #311).
[46896:4584:0504/121013.349:VERBOSE1:video_capture_oracle.cc(250)] Client rejects proposal to capture frame (at #312).
[46896:4584:0504/121013.366:VERBOSE1:video_capture_oracle.cc(250)] Client rejects proposal to capture frame (at #312).
[46896:4584:0504/121013.399:VERBOSE1:video_capture_oracle.cc(250)] Client rejects proposal to capture frame (at #313).
[46896:4584:0504/121013.415:VERBOSE1:video_capture_oracle.cc(250)] Client rejects proposal to capture frame (at #313).
[46896:4584:0504/121013.434:VERBOSE1:video_capture_oracle.cc(250)] Client rejects proposal to capture frame (at #313).
[46896:4584:0504/121013.448:VERBOSE1:video_capture_oracle.cc(250)] Client rejects proposal to capture frame (at #313).
[46896:4584:0504/121013.465:VERBOSE1:video_capture_oracle.cc(250)] Client rejects proposal to capture frame (at #313).
[46896:4584:0504/121013.483:VERBOSE1:video_capture_oracle.cc(250)] Client rejects proposal to capture frame (at #313).
[46896:4584:0504/121013.498:VERBOSE1:video_capture_oracle.cc(250)] Client rejects proposal to capture frame (at #313).
[46896:4584:0504/121013.515:VERBOSE1:video_capture_oracle.cc(250)] Client rejects proposal to capture frame (at #313).
[46896:4584:0504/121013.534:VERBOSE1:video_capture_oracle.cc(250)] Client rejects proposal to capture frame (at #313).
[46896:4584:0504/121013.548:VERBOSE1:video_capture_oracle.cc(250)] Client rejects proposal to capture frame (at #313).
[46896:4584:0504/121013.565:VERBOSE1:video_capture_oracle.cc(250)] Client rejects proposal to capture frame (at #313).
[46896:4584:0504/121013.583:VERBOSE1:video_capture_oracle.cc(250)] Client rejects proposal to capture frame (at #313).
[46896:4584:0504/121013.638:VERBOSE1:video_capture_oracle.cc(250)] Client rejects proposal to capture frame (at #313).
[46896:4584:0504/121013.647:VERBOSE1:video_capture_oracle.cc(250)] Client rejects proposal to capture frame (at #313).
[46896:4584:0504/121013.664:VERBOSE1:video_capture_oracle.cc(250)] Client rejects proposal to capture frame (at #313).
[46896:4584:0504/121013.681:VERBOSE1:video_capture_oracle.cc(250)] Client rejects proposal to capture frame (at #313).
[46896:4584:0504/121013.697:VERBOSE1:video_capture_oracle.cc(250)] Client rejects proposal to capture frame (at #313).
[46896:4584:0504/121013.714:VERBOSE1:video_capture_oracle.cc(250)] Client rejects proposal to capture frame (at #313).
[46896:4584:0504/121013.792:VERBOSE1:video_capture_oracle.cc(250)] Client rejects proposal to capture frame (at #315).
[46896:4584:0504/121013.810:VERBOSE1:video_capture_oracle.cc(250)] Client rejects proposal to capture frame (at #315).
[46896:4584:0504/121013.835:VERBOSE1:video_capture_oracle.cc(250)] Client rejects proposal to capture frame (at #316).
[46896:4584:0504/121013.849:VERBOSE1:video_capture_oracle.cc(250)] Client rejects proposal to capture frame (at #316).
[46896:4584:0504/121013.865:VERBOSE1:video_capture_oracle.cc(250)] Client rejects proposal to capture frame (at #316).
[46896:4584:0504/121013.898:VERBOSE1:video_capture_oracle.cc(250)] Client rejects proposal to capture frame (at #317).
[46896:4584:0504/121013.914:VERBOSE1:video_capture_oracle.cc(250)] Client rejects proposal to capture frame (at #317).
[46896:4584:0504/121013.951:VERBOSE1:video_capture_oracle.cc(250)] Client rejects proposal to capture frame (at #318).
[46896:4584:0504/121013.968:VERBOSE1:video_capture_oracle.cc(250)] Client rejects proposal to capture frame (at #318).
[46896:4584:0504/121014.001:VERBOSE1:video_capture_oracle.cc(250)] Client rejects proposal to capture frame (at #319).
[46896:4584:0504/121014.018:VERBOSE1:video_capture_oracle.cc(250)] Client rejects proposal to capture frame (at #319).
[46896:4584:0504/121014.100:VERBOSE1:video_capture_oracle.cc(250)] Client rejects proposal to capture frame (at #320).
[46896:4584:0504/121014.116:VERBOSE1:video_capture_oracle.cc(250)] Client rejects proposal to capture frame (at #320).
[46896:4584:0504/121014.134:VERBOSE1:video_capture_oracle.cc(250)] Client rejects proposal to capture frame (at #320).
[46896:4584:0504/121014.149:VERBOSE1:video_capture_oracle.cc(250)] Client rejects proposal to capture frame (at #320).
[46896:4584:0504/121014.167:VERBOSE1:video_capture_oracle.cc(250)] Client rejects proposal to capture frame (at #320).
[46896:4584:0504/121014.183:VERBOSE1:video_capture_oracle.cc(250)] Client rejects proposal to capture frame (at #320).
[46896:4584:0504/121014.199:VERBOSE1:video_capture_oracle.cc(250)] Client rejects proposal to capture frame (at #320).
[46896:4584:0504/121014.250:VERBOSE1:video_capture_oracle.cc(250)] Client rejects proposal to capture frame (at #322).
[46896:4584:0504/121014.266:VERBOSE1:video_capture_oracle.cc(250)] Client rejects proposal to capture frame (at #322).
[46896:4584:0504/121014.298:VERBOSE1:video_capture_oracle.cc(250)] Client rejects proposal to capture frame (at #323).
[46896:4584:0504/121014.321:VERBOSE1:video_capture_oracle.cc(250)] Client rejects proposal to capture frame (at #323).
[46896:4584:0504/121014.335:VERBOSE1:video_capture_oracle.cc(250)] Client rejects proposal to capture frame (at #323).
[46896:4584:0504/121014.349:VERBOSE1:video_capture_oracle.cc(250)] Client rejects proposal to capture frame (at #323).
[46896:4584:0504/121021.098:VERBOSE1:video_capture_oracle.cc(250)] Client rejects proposal to capture frame (at #349).
[46896:4584:0504/121021.134:VERBOSE1:video_capture_oracle.cc(250)] Client rejects proposal to capture frame (at #350).
[46896:4584:0504/121021.151:VERBOSE1:video_capture_oracle.cc(250)] Client rejects proposal to capture frame (at #350).
[46896:4584:0504/121021.167:VERBOSE1:video_capture_oracle.cc(250)] Client rejects proposal to capture frame (at #350).
[46896:4584:0504/121021.199:VERBOSE1:video_capture_oracle.cc(250)] Client rejects proposal to capture frame (at #351).
[46896:4584:0504/121024.448:VERBOSE1:video_capture_oracle.cc(250)] Client rejects proposal to capture frame (at #365).
[46896:4584:0504/121024.465:VERBOSE1:video_capture_oracle.cc(250)] Client rejects proposal to capture frame (at #365).
[46896:4584:0504/121024.498:VERBOSE1:video_capture_oracle.cc(250)] Client rejects proposal to capture frame (at #366).
[46896:4584:0504/121025.148:VERBOSE1:video_capture_oracle.cc(250)] Client rejects proposal to capture frame (at #377).
[46896:4584:0504/121025.167:VERBOSE1:video_capture_oracle.cc(250)] Client rejects proposal to capture frame (at #377).
[46896:4584:0504/121025.198:VERBOSE1:video_capture_oracle.cc(250)] Client rejects proposal to capture frame (at #378).
[46896:4584:0504/121025.215:VERBOSE1:video_capture_oracle.cc(250)] Client rejects proposal to capture frame (at #378).
[46896:4584:0504/121025.250:VERBOSE1:video_capture_oracle.cc(250)] Client rejects proposal to capture frame (at #379).
[46896:4584:0504/121025.266:VERBOSE1:video_capture_oracle.cc(250)] Client rejects proposal to capture frame (at #379).
[46896:4584:0504/121025.283:VERBOSE1:video_capture_oracle.cc(250)] Client rejects proposal to capture frame (at #379).
[46896:4584:0504/121025.299:VERBOSE1:video_capture_oracle.cc(250)] Client rejects proposal to capture frame (at #379).
[46896:4584:0504/121025.998:VERBOSE1:video_capture_oracle.cc(250)] Client rejects proposal to capture frame (at #391).
[46896:4584:0504/121026.014:VERBOSE1:video_capture_oracle.cc(250)] Client rejects proposal to capture frame (at #391).
[46896:4584:0504/121026.031:VERBOSE1:video_capture_oracle.cc(250)] Client rejects proposal to capture frame (at #391).
[46896:4584:0504/121026.065:VERBOSE1:video_capture_oracle.cc(250)] Client rejects proposal to capture frame (at #392).
[46896:4584:0504/121026.081:VERBOSE1:video_capture_oracle.cc(250)] Client rejects proposal to capture frame (at #392).
[46896:4584:0504/121026.098:VERBOSE1:video_capture_oracle.cc(250)] Client rejects proposal to capture frame (at #392).
[46896:4584:0504/121026.115:VERBOSE1:video_capture_oracle.cc(250)] Client rejects proposal to capture frame (at #392).
[46896:4584:0504/121026.131:VERBOSE1:video_capture_oracle.cc(250)] Client rejects proposal to capture frame (at #392).
[46896:4584:0504/121026.165:VERBOSE1:video_capture_oracle.cc(250)] Client rejects proposal to capture frame (at #393).
[46896:4584:0504/121026.182:VERBOSE1:video_capture_oracle.cc(250)] Client rejects proposal to capture frame (at #393).
[46896:4584:0504/121026.198:VERBOSE1:video_capture_oracle.cc(250)] Client rejects proposal to capture frame (at #393).
[46896:4584:0504/121026.231:VERBOSE1:video_capture_oracle.cc(250)] Client rejects proposal to capture frame (at #394).
[46896:4584:0504/121026.264:VERBOSE1:video_capture_oracle.cc(250)] Client rejects proposal to capture frame (at #395).
[46896:4584:0504/121026.280:VERBOSE1:video_capture_oracle.cc(250)] Client rejects proposal to capture frame (at #395).
[46896:4584:0504/121026.299:VERBOSE1:video_capture_oracle.cc(250)] Client rejects proposal to capture frame (at #395).
[46896:4584:0504/121026.314:VERBOSE1:video_capture_oracle.cc(250)] Client rejects proposal to capture frame (at #395).
[46896:4584:0504/121026.331:VERBOSE1:video_capture_oracle.cc(250)] Client rejects proposal to capture frame (at #395).
[46896:4584:0504/121026.348:VERBOSE1:video_capture_oracle.cc(250)] Client rejects proposal to capture frame (at #395).
[46896:4584:0504/121026.365:VERBOSE1:video_capture_oracle.cc(250)] Client rejects proposal to capture frame (at #395).
[46896:4584:0504/121026.731:VERBOSE1:video_capture_oracle.cc(250)] Client rejects proposal to capture frame (at #401).
[46896:4584:0504/121026.751:VERBOSE1:video_capture_oracle.cc(250)] Client rejects proposal to capture frame (at #401).
[46896:4584:0504/121026.764:VERBOSE1:video_capture_oracle.cc(250)] Client rejects proposal to capture frame (at #401).
[46896:4584:0504/121026.782:VERBOSE1:video_capture_oracle.cc(250)] Client rejects proposal to capture frame (at #401).
[46896:4584:0504/121026.799:VERBOSE1:video_capture_oracle.cc(250)] Client rejects proposal to capture frame (at #401).
[46896:4584:0504/121026.815:VERBOSE1:video_capture_oracle.cc(250)] Client rejects proposal to capture frame (at #401).
[46896:4584:0504/121026.831:VERBOSE1:video_capture_oracle.cc(250)] Client rejects proposal to capture frame (at #401).
[46896:4584:0504/121026.850:VERBOSE1:video_capture_oracle.cc(250)] Client rejects proposal to capture frame (at #401).
[46896:4584:0504/121026.865:VERBOSE1:video_capture_oracle.cc(250)] Client rejects proposal to capture frame (at #401).
[46896:4584:0504/121026.883:VERBOSE1:video_capture_oracle.cc(250)] Client rejects proposal to capture frame (at #401).
[46896:4584:0504/121026.899:VERBOSE1:video_capture_oracle.cc(250)] Client rejects proposal to capture frame (at #401).
[46896:4584:0504/121027.499:VERBOSE1:video_capture_oracle.cc(250)] Client rejects proposal to capture frame (at #405).
[46896:4584:0504/121027.516:VERBOSE1:video_capture_oracle.cc(250)] Client rejects proposal to capture frame (at #405).
[46896:4584:0504/121027.564:VERBOSE1:video_capture_oracle.cc(250)] Client rejects proposal to capture frame (at #406).
[46896:4584:0504/121027.582:VERBOSE1:video_capture_oracle.cc(250)] Client rejects proposal to capture frame (at #406).
[46896:4584:0504/121027.597:VERBOSE1:video_capture_oracle.cc(250)] Client rejects proposal to capture frame (at #406).
[46896:4584:0504/121027.615:VERBOSE1:video_capture_oracle.cc(250)] Client rejects proposal to capture frame (at #406).
[46896:4584:0504/121027.631:VERBOSE1:video_capture_oracle.cc(250)] Client rejects proposal to capture frame (at #406).
[46896:4584:0504/121027.665:VERBOSE1:video_capture_oracle.cc(250)] Client rejects proposal to capture frame (at #407).
[46896:4584:0504/121027.682:VERBOSE1:video_capture_oracle.cc(250)] Client rejects proposal to capture frame (at #407).
[46896:4584:0504/121027.716:VERBOSE1:video_capture_oracle.cc(250)] Client rejects proposal to capture frame (at #408).
[46896:4584:0504/121027.730:VERBOSE1:video_capture_oracle.cc(250)] Client rejects proposal to capture frame (at #408).
[46896:4584:0504/121027.747:VERBOSE1:video_capture_oracle.cc(250)] Client rejects proposal to capture frame (at #408).
[46896:4584:0504/121027.781:VERBOSE1:video_capture_oracle.cc(250)] Client rejects proposal to capture frame (at #409).
[46896:4584:0504/121027.798:VERBOSE1:video_capture_oracle.cc(250)] Client rejects proposal to capture frame (at #409).
[46896:4584:0504/121028.931:VERBOSE1:video_capture_oracle.cc(250)] Client rejects proposal to capture frame (at #416).
[46896:4584:0504/121028.963:VERBOSE1:video_capture_oracle.cc(250)] Client rejects proposal to capture frame (at #417).
[46896:4584:0504/121028.981:VERBOSE1:video_capture_oracle.cc(250)] Client rejects proposal to capture frame (at #417).
[46896:4584:0504/121028.998:VERBOSE1:video_capture_oracle.cc(250)] Client rejects proposal to capture frame (at #417).
[46896:4584:0504/121029.013:VERBOSE1:video_capture_oracle.cc(250)] Client rejects proposal to capture frame (at #417).
[46896:4584:0504/121029.031:VERBOSE1:video_capture_oracle.cc(250)] Client rejects proposal to capture frame (at #417).
[46896:4584:0504/121029.049:VERBOSE1:video_capture_oracle.cc(250)] Client rejects proposal to capture frame (at #417).
[46896:4584:0504/121029.064:VERBOSE1:video_capture_oracle.cc(250)] Client rejects proposal to capture frame (at #417).
[46896:4584:0504/121030.065:VERBOSE1:video_capture_oracle.cc(250)] Client rejects proposal to capture frame (at #428).
[46896:4584:0504/121030.084:VERBOSE1:video_capture_oracle.cc(250)] Client rejects proposal to capture frame (at #428).
[46896:4584:0504/121030.098:VERBOSE1:video_capture_oracle.cc(250)] Client rejects proposal to capture frame (at #428).
[46896:4584:0504/121030.115:VERBOSE1:video_capture_oracle.cc(250)] Client rejects proposal to capture frame (at #428).
[46896:4584:0504/121030.133:VERBOSE1:video_capture_oracle.cc(250)] Client rejects proposal to capture frame (at #428).
[46896:4584:0504/121030.149:VERBOSE1:video_capture_oracle.cc(250)] Client rejects proposal to capture frame (at #428).
[46896:4584:0504/121030.164:VERBOSE1:video_capture_oracle.cc(250)] Client rejects proposal to capture frame (at #428).
[46896:4584:0504/121030.198:VERBOSE1:video_capture_oracle.cc(250)] Client rejects proposal to capture frame (at #429).
[46896:4584:0504/121030.215:VERBOSE1:video_capture_oracle.cc(250)] Client rejects proposal to capture frame (at #429).
[46896:4584:0504/121030.249:VERBOSE1:video_capture_oracle.cc(250)] Client rejects proposal to capture frame (at #430).
[46896:4584:0504/121030.265:VERBOSE1:video_capture_oracle.cc(250)] Client rejects proposal to capture frame (at #430).
[46896:4584:0504/121030.284:VERBOSE1:video_capture_oracle.cc(250)] Client rejects proposal to capture frame (at #430).
[46896:4584:0504/121030.932:VERBOSE1:video_capture_oracle.cc(250)] Client rejects proposal to capture frame (at #439).
[46896:4584:0504/121030.948:VERBOSE1:video_capture_oracle.cc(250)] Client rejects proposal to capture frame (at #439).
[46896:4584:0504/121030.966:VERBOSE1:video_capture_oracle.cc(250)] Client rejects proposal to capture frame (at #439).
[46896:4584:0504/121030.983:VERBOSE1:video_capture_oracle.cc(250)] Client rejects proposal to capture frame (at #439).
[46896:4584:0504/121030.998:VERBOSE1:video_capture_oracle.cc(250)] Client rejects proposal to capture frame (at #439).
[46896:4584:0504/121031.032:VERBOSE1:video_capture_oracle.cc(250)] Client rejects proposal to capture frame (at #440).
[46896:4584:0504/121031.781:VERBOSE1:video_capture_oracle.cc(250)] Client rejects proposal to capture frame (at #448).
[46896:4584:0504/121031.798:VERBOSE1:video_capture_oracle.cc(250)] Client rejects proposal to capture frame (at #448).
[46896:4584:0504/121031.831:VERBOSE1:video_capture_oracle.cc(250)] Client rejects proposal to capture frame (at #449).
[46896:4584:0504/121031.848:VERBOSE1:video_capture_oracle.cc(250)] Client rejects proposal to capture frame (at #449).
[46896:4584:0504/121031.865:VERBOSE1:video_capture_oracle.cc(250)] Client rejects proposal to capture frame (at #449).
[46896:4584:0504/121031.882:VERBOSE1:video_capture_oracle.cc(250)] Client rejects proposal to capture frame (at #449).
[46896:4584:0504/121035.398:VERBOSE1:video_capture_oracle.cc(250)] Client rejects proposal to capture frame (at #466).
[46896:4584:0504/121035.415:VERBOSE1:video_capture_oracle.cc(250)] Client rejects proposal to capture frame (at #466).
[46896:4584:0504/121035.448:VERBOSE1:video_capture_oracle.cc(250)] Client rejects proposal to capture frame (at #467).
[46896:4584:0504/121035.487:VERBOSE1:video_capture_oracle.cc(250)] Client rejects proposal to capture frame (at #468).
[46896:4584:0504/121035.498:VERBOSE1:video_capture_oracle.cc(250)] Client rejects proposal to capture frame (at #468).
[46896:4584:0504/121035.533:VERBOSE1:video_capture_oracle.cc(250)] Client rejects proposal to capture frame (at #469).
[46896:4584:0504/121035.548:VERBOSE1:video_capture_oracle.cc(250)] Client rejects proposal to capture frame (at #469).
[46896:4584:0504/121035.583:VERBOSE1:video_capture_oracle.cc(250)] Client rejects proposal to capture frame (at #470).
[46896:4584:0504/121035.598:VERBOSE1:video_capture_oracle.cc(250)] Client rejects proposal to capture frame (at #470).
[46896:4584:0504/121035.633:VERBOSE1:video_capture_oracle.cc(250)] Client rejects proposal to capture frame (at #471).
[46896:4584:0504/121035.648:VERBOSE1:video_capture_oracle.cc(250)] Client rejects proposal to capture frame (at #471).
[46896:4584:0504/121035.665:VERBOSE1:video_capture_oracle.cc(250)] Client rejects proposal to capture frame (at #471).
[46896:4584:0504/121035.697:VERBOSE1:video_capture_oracle.cc(250)] Client rejects proposal to capture frame (at #472).
[46896:4584:0504/121035.715:VERBOSE1:video_capture_oracle.cc(250)] Client rejects proposal to capture frame (at #472).
[46896:4584:0504/121035.864:VERBOSE1:video_capture_oracle.cc(250)] Client rejects proposal to capture frame (at #475).
[46896:4584:0504/121035.882:VERBOSE1:video_capture_oracle.cc(250)] Client rejects proposal to capture frame (at #475).
[46896:4584:0504/121035.915:VERBOSE1:video_capture_oracle.cc(250)] Client rejects proposal to capture frame (at #476).
[46896:4584:0504/121035.935:VERBOSE1:video_capture_oracle.cc(250)] Client rejects proposal to capture frame (at #476).
[46896:4584:0504/121035.965:VERBOSE1:video_capture_oracle.cc(250)] Client rejects proposal to capture frame (at #477).
[46896:4584:0504/121035.983:VERBOSE1:video_capture_oracle.cc(250)] Client rejects proposal to capture frame (at #477).
[46896:4584:0504/121035.998:VERBOSE1:video_capture_oracle.cc(250)] Client rejects proposal to capture frame (at #477).
[46896:4584:0504/121036.015:VERBOSE1:video_capture_oracle.cc(250)] Client rejects proposal to capture frame (at #477).
[46896:4584:0504/121036.048:VERBOSE1:video_capture_oracle.cc(250)] Client rejects proposal to capture frame (at #478).
[46896:4584:0504/121036.065:VERBOSE1:video_capture_oracle.cc(250)] Client rejects proposal to capture frame (at #478).
[46896:4584:0504/121036.098:VERBOSE1:video_capture_oracle.cc(250)] Client rejects proposal to capture frame (at #479).
[46896:4584:0504/121036.115:VERBOSE1:video_capture_oracle.cc(250)] Client rejects proposal to capture frame (at #479).
[46896:4584:0504/121038.633:VERBOSE1:video_capture_oracle.cc(250)] Client rejects proposal to capture frame (at #492).
[46896:4584:0504/121038.648:VERBOSE1:video_capture_oracle.cc(250)] Client rejects proposal to capture frame (at #492).
[46896:4584:0504/121038.683:VERBOSE1:video_capture_oracle.cc(250)] Client rejects proposal to capture frame (at #493).
[46896:4584:0504/121305.992:VERBOSE1:video_capture_oracle.cc(250)] Client rejects proposal to capture frame (at #1329).
[46896:4584:0504/121306.026:VERBOSE1:video_capture_oracle.cc(250)] Client rejects proposal to capture frame (at #1330).
[46896:4584:0504/121307.177:VERBOSE1:video_capture_oracle.cc(250)] Client rejects proposal to capture frame (at #1340).
[46896:4584:0504/121307.191:VERBOSE1:video_capture_oracle.cc(250)] Client rejects proposal to capture frame (at #1340).
[46896:4584:0504/121307.213:VERBOSE1:video_capture_oracle.cc(250)] Client rejects proposal to capture frame (at #1340).
[46896:4584:0504/121307.229:VERBOSE1:video_capture_oracle.cc(250)] Client rejects proposal to capture frame (at #1340).
[46896:4584:0504/121307.244:VERBOSE1:video_capture_oracle.cc(250)] Client rejects proposal to capture frame (at #1340).
[46896:4584:0504/121307.279:VERBOSE1:video_capture_oracle.cc(250)] Client rejects proposal to capture frame (at #1341).
[46896:4584:0504/121307.293:VERBOSE1:video_capture_oracle.cc(250)] Client rejects proposal to capture frame (at #1341).
[46896:4584:0504/121307.310:VERBOSE1:video_capture_oracle.cc(250)] Client rejects proposal to capture frame (at #1341).
[46896:4584:0504/121307.327:VERBOSE1:video_capture_oracle.cc(250)] Client rejects proposal to capture frame (at #1341).
[46896:4584:0504/121307.343:VERBOSE1:video_capture_oracle.cc(250)] Client rejects proposal to capture frame (at #1341).
[46896:4584:0504/121317.359:VERBOSE1:video_capture_oracle.cc(250)] Client rejects proposal to capture frame (at #1368).
[46896:4584:0504/121317.375:VERBOSE1:video_capture_oracle.cc(250)] Client rejects proposal to capture frame (at #1368).
[46896:4584:0504/121317.677:VERBOSE1:video_capture_oracle.cc(250)] Client rejects proposal to capture frame (at #1376).
[46896:4584:0504/121317.694:VERBOSE1:video_capture_oracle.cc(250)] Client rejects proposal to capture frame (at #1376).
[46896:4584:0504/121317.761:VERBOSE1:video_capture_oracle.cc(250)] Client rejects proposal to capture frame (at #1379).
[46896:4584:0504/121317.774:VERBOSE1:video_capture_oracle.cc(250)] Client rejects proposal to capture frame (at #1379).
[46896:4584:0504/121317.792:VERBOSE1:video_capture_oracle.cc(250)] Client rejects proposal to capture frame (at #1379).
[46896:4584:0504/121318.861:VERBOSE1:video_capture_oracle.cc(250)] Client rejects proposal to capture frame (at #1397).
[46896:4584:0504/121322.691:VERBOSE1:video_capture_oracle.cc(250)] Client rejects proposal to capture frame (at #1410).
[46896:4584:0504/121322.724:VERBOSE1:video_capture_oracle.cc(250)] Client rejects proposal to capture frame (at #1411).
[46896:4584:0504/121322.741:VERBOSE1:video_capture_oracle.cc(250)] Client rejects proposal to capture frame (at #1411).
[46896:4584:0504/121322.839:VERBOSE1:video_capture_oracle.cc(250)] Client rejects proposal to capture frame (at #1414).
[46896:4584:0504/121322.907:VERBOSE1:video_capture_oracle.cc(250)] Client rejects proposal to capture frame (at #1417).
[46896:4584:0504/121322.990:VERBOSE1:video_capture_oracle.cc(250)] Client rejects proposal to capture frame (at #1419).
[46896:4584:0504/121323.007:VERBOSE1:video_capture_oracle.cc(250)] Client rejects proposal to capture frame (at #1419).
[46896:4584:0504/121323.024:VERBOSE1:video_capture_oracle.cc(250)] Client rejects proposal to capture frame (at #1419).
[46896:4584:0504/121323.041:VERBOSE1:video_capture_oracle.cc(250)] Client rejects proposal to capture frame (at #1419).
[46896:4584:0504/121323.057:VERBOSE1:video_capture_oracle.cc(250)] Client rejects proposal to capture frame (at #1419).
[46896:4584:0504/121323.123:VERBOSE1:video_capture_oracle.cc(250)] Client rejects proposal to capture frame (at #1422).
[46896:4584:0504/121323.141:VERBOSE1:video_capture_oracle.cc(250)] Client rejects proposal to capture frame (at #1422).
[46896:4584:0504/121323.158:VERBOSE1:video_capture_oracle.cc(250)] Client rejects proposal to capture frame (at #1422).
[46896:4584:0504/121323.207:VERBOSE1:video_capture_oracle.cc(250)] Client rejects proposal to capture frame (at #1424).
[46896:4584:0504/121323.224:VERBOSE1:video_capture_oracle.cc(250)] Client rejects proposal to capture frame (at #1424).
[46896:4584:0504/121323.250:VERBOSE1:video_capture_oracle.cc(250)] Client rejects proposal to capture frame (at #1424).
[46896:4584:0504/121323.323:VERBOSE1:video_capture_oracle.cc(250)] Client rejects proposal to capture frame (at #1427).
[46896:4584:0504/121323.339:VERBOSE1:video_capture_oracle.cc(250)] Client rejects proposal to capture frame (at #1427).
[46896:4584:0504/121323.357:VERBOSE1:video_capture_oracle.cc(250)] Client rejects proposal to capture frame (at #1427).
[46896:4584:0504/121323.374:VERBOSE1:video_capture_oracle.cc(250)] Client rejects proposal to capture frame (at #1427).
[46896:4584:0504/121323.391:VERBOSE1:video_capture_oracle.cc(250)] Client rejects proposal to capture frame (at #1427).
[46896:4584:0504/121323.425:VERBOSE1:video_capture_oracle.cc(250)] Client rejects proposal to capture frame (at #1428).
[46896:4584:0504/121323.440:VERBOSE1:video_capture_oracle.cc(250)] Client rejects proposal to capture frame (at #1428).
[46896:4584:0504/121323.456:VERBOSE1:video_capture_oracle.cc(250)] Client rejects proposal to capture frame (at #1428).
[46896:4584:0504/121323.490:VERBOSE1:video_capture_oracle.cc(250)] Client rejects proposal to capture frame (at #1429).
[46896:4584:0504/121323.506:VERBOSE1:video_capture_oracle.cc(250)] Client rejects proposal to capture frame (at #1429).
[46896:4584:0504/121323.523:VERBOSE1:video_capture_oracle.cc(250)] Client rejects proposal to capture frame (at #1429).
[46896:4584:0504/121323.540:VERBOSE1:video_capture_oracle.cc(250)] Client rejects proposal to capture frame (at #1429).
[46896:4584:0504/121323.942:VERBOSE1:video_capture_oracle.cc(250)] Client rejects proposal to capture frame (at #1433).
[46896:4584:0504/121323.959:VERBOSE1:video_capture_oracle.cc(250)] Client rejects proposal to capture frame (at #1433).
[46896:4584:0504/121323.992:VERBOSE1:video_capture_oracle.cc(250)] Client rejects proposal to capture frame (at #1434).
[46896:4584:0504/121324.013:VERBOSE1:video_capture_oracle.cc(250)] Client rejects proposal to capture frame (at #1434).
[46896:4584:0504/121324.067:VERBOSE1:video_capture_oracle.cc(250)] Client rejects proposal to capture frame (at #1434).
[46896:4584:0504/121324.075:VERBOSE1:video_capture_oracle.cc(250)] Client rejects proposal to capture frame (at #1434).
[46896:4584:0504/121324.090:VERBOSE1:video_capture_oracle.cc(250)] Client rejects proposal to capture frame (at #1434).
[46896:4584:0504/121324.109:VERBOSE1:video_capture_oracle.cc(250)] Client rejects proposal to capture frame (at #1434).
[46896:4584:0504/121324.124:VERBOSE1:video_capture_oracle.cc(250)] Client rejects proposal to capture frame (at #1434).
[46896:4584:0504/121324.140:VERBOSE1:video_capture_oracle.cc(250)] Client rejects proposal to capture frame (at #1434).
[46896:4584:0504/121324.159:VERBOSE1:video_capture_oracle.cc(250)] Client rejects proposal to capture frame (at #1434).
[46896:4584:0504/121324.175:VERBOSE1:video_capture_oracle.cc(250)] Client rejects proposal to capture frame (at #1434).
[46896:4584:0504/121324.190:VERBOSE1:video_capture_oracle.cc(250)] Client rejects proposal to capture frame (at #1434).
[46896:4584:0504/121324.208:VERBOSE1:video_capture_oracle.cc(250)] Client rejects proposal to capture frame (at #1434).
[46896:4584:0504/121324.223:VERBOSE1:video_capture_oracle.cc(250)] Client rejects proposal to capture frame (at #1434).
[46896:4584:0504/121324.241:VERBOSE1:video_capture_oracle.cc(250)] Client rejects proposal to capture frame (at #1434).
[46896:4584:0504/121324.275:VERBOSE1:video_capture_oracle.cc(250)] Client rejects proposal to capture frame (at #1435).
[46896:4584:0504/121324.290:VERBOSE1:video_capture_oracle.cc(250)] Client rejects proposal to capture frame (at #1435).
[46896:4584:0504/121324.325:VERBOSE1:video_capture_oracle.cc(250)] Client rejects proposal to capture frame (at #1436).
[46896:4584:0504/121345.959:VERBOSE1:video_capture_oracle.cc(250)] Client rejects proposal to capture frame (at #1458).
[46896:4584:0504/121345.976:VERBOSE1:video_capture_oracle.cc(250)] Client rejects proposal to capture frame (at #1458).
[46896:4584:0504/121345.991:VERBOSE1:video_capture_oracle.cc(250)] Client rejects proposal to capture frame (at #1458).
[46896:4584:0504/121346.024:VERBOSE1:video_capture_oracle.cc(250)] Client rejects proposal to capture frame (at #1459).
[46896:4584:0504/121346.040:VERBOSE1:video_capture_oracle.cc(250)] Client rejects proposal to capture frame (at #1459).
[46896:4584:0504/121346.059:VERBOSE1:video_capture_oracle.cc(250)] Client rejects proposal to capture frame (at #1459).
[46896:4584:0504/121346.073:VERBOSE1:video_capture_oracle.cc(250)] Client rejects proposal to capture frame (at #1459).
[46896:4584:0504/121346.274:VERBOSE1:video_capture_oracle.cc(250)] Client rejects proposal to capture frame (at #1462).
[46896:4584:0504/121346.291:VERBOSE1:video_capture_oracle.cc(250)] Client rejects proposal to capture frame (at #1462).
[46896:4584:0504/121346.339:VERBOSE1:video_capture_oracle.cc(250)] Client rejects proposal to capture frame (at #1463).
[46896:4584:0504/121346.356:VERBOSE1:video_capture_oracle.cc(250)] Client rejects proposal to capture frame (at #1463).
[46896:4584:0504/121346.374:VERBOSE1:video_capture_oracle.cc(250)] Client rejects proposal to capture frame (at #1463).
[46896:4584:0504/121346.406:VERBOSE1:video_capture_oracle.cc(250)] Client rejects proposal to capture frame (at #1464).
[46896:4584:0504/121346.422:VERBOSE1:video_capture_oracle.cc(250)] Client rejects proposal to capture frame (at #1464).
[46896:4584:0504/121346.439:VERBOSE1:video_capture_oracle.cc(250)] Client rejects proposal to capture frame (at #1464).
[46896:4584:0504/121346.457:VERBOSE1:video_capture_oracle.cc(250)] Client rejects proposal to capture frame (at #1464).
[46896:4584:0504/121346.488:VERBOSE1:video_capture_oracle.cc(250)] Client rejects proposal to capture frame (at #1465).
[46896:4584:0504/121346.507:VERBOSE1:video_capture_oracle.cc(250)] Client rejects proposal to capture frame (at #1465).
[46896:4584:0504/121350.609:VERBOSE1:video_capture_oracle.cc(250)] Client rejects proposal to capture frame (at #1481).
[46896:4584:0504/121350.640:VERBOSE1:video_capture_oracle.cc(250)] Client rejects proposal to capture frame (at #1482).
[46896:4584:0504/121350.656:VERBOSE1:video_capture_oracle.cc(250)] Client rejects proposal to capture frame (at #1482).
[46896:4584:0504/121350.691:VERBOSE1:video_capture_oracle.cc(250)] Client rejects proposal to capture frame (at #1483).
[46896:4584:0504/121351.757:VERBOSE1:video_capture_oracle.cc(250)] Client rejects proposal to capture frame (at #1495).
[46896:4584:0504/121351.790:VERBOSE1:video_capture_oracle.cc(250)] Client rejects proposal to capture frame (at #1496).
[46896:4584:0504/121351.807:VERBOSE1:video_capture_oracle.cc(250)] Client rejects proposal to capture frame (at #1496).
[46896:4584:0504/121351.840:VERBOSE1:video_capture_oracle.cc(250)] Client rejects proposal to capture frame (at #1497).
[46896:4584:0504/121351.857:VERBOSE1:video_capture_oracle.cc(250)] Client rejects proposal to capture frame (at #1497).
[46896:4584:0504/121351.874:VERBOSE1:video_capture_oracle.cc(250)] Client rejects proposal to capture frame (at #1497).
[46896:4584:0504/121351.891:VERBOSE1:video_capture_oracle.cc(250)] Client rejects proposal to capture frame (at #1497).
[46896:4584:0504/121352.322:VERBOSE1:video_capture_oracle.cc(250)] Client rejects proposal to capture frame (at #1505).
[46896:4584:0504/121352.341:VERBOSE1:video_capture_oracle.cc(250)] Client rejects proposal to capture frame (at #1505).
[46896:4584:0504/121352.356:VERBOSE1:video_capture_oracle.cc(250)] Client rejects proposal to capture frame (at #1505).
[46896:4584:0504/121352.390:VERBOSE1:video_capture_oracle.cc(250)] Client rejects proposal to capture frame (at #1506).
[46896:4584:0504/121352.408:VERBOSE1:video_capture_oracle.cc(250)] Client rejects proposal to capture frame (at #1506).
[46896:4584:0504/121352.423:VERBOSE1:video_capture_oracle.cc(250)] Client rejects proposal to capture frame (at #1506).
[46896:4584:0504/121354.559:VERBOSE1:video_capture_oracle.cc(250)] Client rejects proposal to capture frame (at #1536).
[46896:4584:0504/121354.576:VERBOSE1:video_capture_oracle.cc(250)] Client rejects proposal to capture frame (at #1536).
[46896:4584:0504/121354.625:VERBOSE1:video_capture_oracle.cc(250)] Client rejects proposal to capture frame (at #1538).
[46896:4584:0504/121354.642:VERBOSE1:video_capture_oracle.cc(250)] Client rejects proposal to capture frame (at #1538).
[46896:4584:0504/121354.657:VERBOSE1:video_capture_oracle.cc(250)] Client rejects proposal to capture frame (at #1538).
[46896:4584:0504/121354.674:VERBOSE1:video_capture_oracle.cc(250)] Client rejects proposal to capture frame (at #1538).
[46896:4584:0504/121443.307:VERBOSE1:video_capture_oracle.cc(250)] Client rejects proposal to capture frame (at #1555).
[46896:4584:0504/121450.805:VERBOSE1:video_capture_oracle.cc(250)] Client rejects proposal to capture frame (at #1599).
[46896:4584:0504/121450.825:VERBOSE1:video_capture_oracle.cc(250)] Client rejects proposal to capture frame (at #1599).
[46896:4584:0504/121450.879:VERBOSE1:video_capture_oracle.cc(250)] Client rejects proposal to capture frame (at #1599).
[46896:4584:0504/121458.988:VERBOSE1:video_capture_oracle.cc(250)] Client rejects proposal to capture frame (at #1643).
[46896:4584:0504/121459.071:VERBOSE1:video_capture_oracle.cc(250)] Client rejects proposal to capture frame (at #1647).
[46896:4584:0504/121459.088:VERBOSE1:video_capture_oracle.cc(250)] Client rejects proposal to capture frame (at #1647).
[46896:4584:0504/121459.124:VERBOSE1:video_capture_oracle.cc(250)] Client rejects proposal to capture frame (at #1648).
[46896:4584:0504/121459.172:VERBOSE1:video_capture_oracle.cc(250)] Client rejects proposal to capture frame (at #1650).
[46896:4584:0504/121459.190:VERBOSE1:video_capture_oracle.cc(250)] Client rejects proposal to capture frame (at #1650).
[46896:4584:0504/121459.224:VERBOSE1:video_capture_oracle.cc(250)] Client rejects proposal to capture frame (at #1651).
[46896:4584:0504/121459.238:VERBOSE1:video_capture_oracle.cc(250)] Client rejects proposal to capture frame (at #1651).
[46896:4584:0504/121459.288:VERBOSE1:video_capture_oracle.cc(250)] Client rejects proposal to capture frame (at #1653).
[46896:4584:0504/121459.305:VERBOSE1:video_capture_oracle.cc(250)] Client rejects proposal to capture frame (at #1653).
[46896:4584:0504/121459.338:VERBOSE1:video_capture_oracle.cc(250)] Client rejects proposal to capture frame (at #1654).
[46896:4584:0504/121459.388:VERBOSE1:video_capture_oracle.cc(250)] Client rejects proposal to capture frame (at #1656).
[46896:4584:0504/121459.604:VERBOSE1:video_capture_oracle.cc(250)] Client rejects proposal to capture frame (at #1662).
[46896:4584:0504/121459.638:VERBOSE1:video_capture_oracle.cc(250)] Client rejects proposal to capture frame (at #1663).
[46896:4584:0504/121459.654:VERBOSE1:video_capture_oracle.cc(250)] Client rejects proposal to capture frame (at #1663).
[46896:4584:0504/121459.724:VERBOSE1:video_capture_oracle.cc(250)] Client rejects proposal to capture frame (at #1666).
[46896:4584:0504/121459.737:VERBOSE1:video_capture_oracle.cc(250)] Client rejects proposal to capture frame (at #1666).
[46896:4584:0504/121459.756:VERBOSE1:video_capture_oracle.cc(250)] Client rejects proposal to capture frame (at #1666).
[46896:4584:0504/121503.887:VERBOSE1:video_capture_oracle.cc(250)] Client rejects proposal to capture frame (at #1697).
[46896:4584:0504/121503.903:VERBOSE1:video_capture_oracle.cc(250)] Client rejects proposal to capture frame (at #1697).
[46896:4584:0504/121503.936:VERBOSE1:video_capture_oracle.cc(250)] Client rejects proposal to capture frame (at #1698).
[46896:4584:0504/121504.106:VERBOSE1:video_capture_oracle.cc(250)] Client rejects proposal to capture frame (at #1703).
[46896:4584:0504/121504.121:VERBOSE1:video_capture_oracle.cc(250)] Client rejects proposal to capture frame (at #1703).
[46896:4584:0504/121504.138:VERBOSE1:video_capture_oracle.cc(250)] Client rejects proposal to capture frame (at #1703).
[46896:4584:0504/121504.189:VERBOSE1:video_capture_oracle.cc(250)] Client rejects proposal to capture frame (at #1705).
[46896:4584:0504/121504.277:VERBOSE1:video_capture_oracle.cc(250)] Client rejects proposal to capture frame (at #1707).
[46896:4584:0504/121504.286:VERBOSE1:video_capture_oracle.cc(250)] Client rejects proposal to capture frame (at #1707).
[46896:4584:0504/121504.302:VERBOSE1:video_capture_oracle.cc(250)] Client rejects proposal to capture frame (at #1707).
[46896:4584:0504/121504.319:VERBOSE1:video_capture_oracle.cc(250)] Client rejects proposal to capture frame (at #1707).
[46896:4584:0504/121504.336:VERBOSE1:video_capture_oracle.cc(250)] Client rejects proposal to capture frame (at #1707).
[46896:4584:0504/121504.352:VERBOSE1:video_capture_oracle.cc(250)] Client rejects proposal to capture frame (at #1707).
[46896:4584:0504/121504.420:VERBOSE1:video_capture_oracle.cc(250)] Client rejects proposal to capture frame (at #1710).
[46896:4584:0504/121504.436:VERBOSE1:video_capture_oracle.cc(250)] Client rejects proposal to capture frame (at #1710).
[46896:4584:0504/121504.452:VERBOSE1:video_capture_oracle.cc(250)] Client rejects proposal to capture frame (at #1710).
[46896:4584:0504/121504.519:VERBOSE1:video_capture_oracle.cc(250)] Client rejects proposal to capture frame (at #1713).
[46896:4584:0504/121504.704:VERBOSE1:video_capture_oracle.cc(250)] Client rejects proposal to capture frame (at #1716).
[46896:4584:0504/121504.722:VERBOSE1:video_capture_oracle.cc(250)] Client rejects proposal to capture frame (at #1716).
[46896:4584:0504/121504.736:VERBOSE1:video_capture_oracle.cc(250)] Client rejects proposal to capture frame (at #1716).
[46896:4584:0504/121504.753:VERBOSE1:video_capture_oracle.cc(250)] Client rejects proposal to capture frame (at #1716).
[46896:4584:0504/121504.786:VERBOSE1:video_capture_oracle.cc(250)] Client rejects proposal to capture frame (at #1717).
[46896:4584:0504/121504.805:VERBOSE1:video_capture_oracle.cc(250)] Client rejects proposal to capture frame (at #1717).
[46896:4584:0504/121504.821:VERBOSE1:video_capture_oracle.cc(250)] Client rejects proposal to capture frame (at #1717).
[46896:4584:0504/121504.836:VERBOSE1:video_capture_oracle.cc(250)] Client rejects proposal to capture frame (at #1717).
[46896:4584:0504/121504.852:VERBOSE1:video_capture_oracle.cc(250)] Client rejects proposal to capture frame (at #1717).
[46896:4584:0504/121504.873:VERBOSE1:video_capture_oracle.cc(250)] Client rejects proposal to capture frame (at #1717).
[46896:4584:0504/121504.887:VERBOSE1:video_capture_oracle.cc(250)] Client rejects proposal to capture frame (at #1717).
[46896:4584:0504/121504.904:VERBOSE1:video_capture_oracle.cc(250)] Client rejects proposal to capture frame (at #1717).
[46896:4584:0504/121504.921:VERBOSE1:video_capture_oracle.cc(250)] Client rejects proposal to capture frame (at #1717).
[46896:4584:0504/121504.937:VERBOSE1:video_capture_oracle.cc(250)] Client rejects proposal to capture frame (at #1717).
[46896:4584:0504/121505.785:VERBOSE1:video_capture_oracle.cc(250)] Client rejects proposal to capture frame (at #1728).
[46896:4584:0504/121505.803:VERBOSE1:video_capture_oracle.cc(250)] Client rejects proposal to capture frame (at #1728).
[46896:4584:0504/121505.822:VERBOSE1:video_capture_oracle.cc(250)] Client rejects proposal to capture frame (at #1728).
[46896:4584:0504/121505.839:VERBOSE1:video_capture_oracle.cc(250)] Client rejects proposal to capture frame (at #1728).
[46896:4584:0504/121505.854:VERBOSE1:video_capture_oracle.cc(250)] Client rejects proposal to capture frame (at #1728).
[46896:4584:0504/121505.870:VERBOSE1:video_capture_oracle.cc(250)] Client rejects proposal to capture frame (at #1728).
[46896:4584:0504/121505.888:VERBOSE1:video_capture_oracle.cc(250)] Client rejects proposal to capture frame (at #1728).
[46896:4584:0504/121505.907:VERBOSE1:video_capture_oracle.cc(250)] Client rejects proposal to capture frame (at #1728).
[46896:4584:0504/121506.588:VERBOSE1:video_capture_oracle.cc(250)] Client rejects proposal to capture frame (at #1730).
[46896:4584:0504/121506.604:VERBOSE1:video_capture_oracle.cc(250)] Client rejects proposal to capture frame (at #1730).
[46896:4584:0504/121506.621:VERBOSE1:video_capture_oracle.cc(250)] Client rejects proposal to capture frame (at #1730).
[46896:4584:0504/121506.654:VERBOSE1:video_capture_oracle.cc(250)] Client rejects proposal to capture frame (at #1731).
[46896:4584:0504/121506.674:VERBOSE1:video_capture_oracle.cc(250)] Client rejects proposal to capture frame (at #1731).
[46896:4584:0504/121506.688:VERBOSE1:video_capture_oracle.cc(250)] Client rejects proposal to capture frame (at #1731).
[46896:4584:0504/121506.704:VERBOSE1:video_capture_oracle.cc(250)] Client rejects proposal to capture frame (at #1731).
[46896:4584:0504/121506.737:VERBOSE1:video_capture_oracle.cc(250)] Client rejects proposal to capture frame (at #1732).
[46896:4584:0504/121506.755:VERBOSE1:video_capture_oracle.cc(250)] Client rejects proposal to capture frame (at #1732).
[46896:4584:0504/121506.804:VERBOSE1:video_capture_oracle.cc(250)] Client rejects proposal to capture frame (at #1734).
[46896:4584:0504/121506.821:VERBOSE1:video_capture_oracle.cc(250)] Client rejects proposal to capture frame (at #1734).
[46896:4584:0504/121506.837:VERBOSE1:video_capture_oracle.cc(250)] Client rejects proposal to capture frame (at #1734).
[46896:4584:0504/121510.036:VERBOSE1:video_capture_oracle.cc(250)] Client rejects proposal to capture frame (at #1752).
[46896:4584:0504/121510.053:VERBOSE1:video_capture_oracle.cc(250)] Client rejects proposal to capture frame (at #1752).
[46896:4584:0504/121510.072:VERBOSE1:video_capture_oracle.cc(250)] Client rejects proposal to capture frame (at #1752).
[46896:4584:0504/121510.087:VERBOSE1:video_capture_oracle.cc(250)] Client rejects proposal to capture frame (at #1752).
[46896:4584:0504/121510.124:VERBOSE1:video_capture_oracle.cc(250)] Client rejects proposal to capture frame (at #1753).
[46896:4584:0504/121510.140:VERBOSE1:video_capture_oracle.cc(250)] Client rejects proposal to capture frame (at #1753).
[46896:4584:0504/121549.652:VERBOSE1:video_capture_oracle.cc(250)] Client rejects proposal to capture frame (at #1845).
[46896:4584:0504/121549.669:VERBOSE1:video_capture_oracle.cc(250)] Client rejects proposal to capture frame (at #1845).
[46896:4584:0504/121549.686:VERBOSE1:video_capture_oracle.cc(250)] Client rejects proposal to capture frame (at #1845).
[46896:4584:0504/121549.703:VERBOSE1:video_capture_oracle.cc(250)] Client rejects proposal to capture frame (at #1845).
[46896:4584:0504/121549.719:VERBOSE1:video_capture_oracle.cc(250)] Client rejects proposal to capture frame (at #1845).
[46896:4584:0504/121549.736:VERBOSE1:video_capture_oracle.cc(250)] Client rejects proposal to capture frame (at #1845).
[46896:4584:0504/121549.751:VERBOSE1:video_capture_oracle.cc(250)] Client rejects proposal to capture frame (at #1845).
[46896:4584:0504/121549.779:VERBOSE1:video_capture_oracle.cc(250)] Client rejects proposal to capture frame (at #1845).
[46896:4584:0504/121824.763:VERBOSE1:video_capture_oracle.cc(250)] Client rejects proposal to capture frame (at #2785).
[46896:4584:0504/121824.779:VERBOSE1:video_capture_oracle.cc(250)] Client rejects proposal to capture frame (at #2785).
[46896:4584:0504/121824.796:VERBOSE1:video_capture_oracle.cc(250)] Client rejects proposal to capture frame (at #2785).
[46896:4584:0504/121833.182:VERBOSE1:video_capture_oracle.cc(250)] Client rejects proposal to capture frame (at #2823).
[46896:4584:0504/121846.295:VERBOSE1:video_capture_oracle.cc(250)] Client rejects proposal to capture frame (at #2862).
[46896:4584:0504/121846.311:VERBOSE1:video_capture_oracle.cc(250)] Client rejects proposal to capture frame (at #2862).
[46896:4584:0504/121846.327:VERBOSE1:video_capture_oracle.cc(250)] Client rejects proposal to capture frame (at #2862).
[46896:4584:0504/121846.344:VERBOSE1:video_capture_oracle.cc(250)] Client rejects proposal to capture frame (at #2862).
[46896:4584:0504/121846.361:VERBOSE1:video_capture_oracle.cc(250)] Client rejects proposal to capture frame (at #2862).
[46896:4584:0504/121846.377:VERBOSE1:video_capture_oracle.cc(250)] Client rejects proposal to capture frame (at #2862).
[34628:29352:0504/122428.664:ERROR:cast_crl.cc(443)] CRL - Verification failed.
[34628:29352:0504/124946.793:ERROR:cast_crl.cc(443)] CRL - Verification failed.
[46896:4584:0504/125104.564:VERBOSE1:video_capture_oracle.cc(91)] Capture size auto-throttling is now enabled.
[46896:4584:0504/125104.564:VERBOSE1:video_capture_oracle.cc(120)] Capture size auto-throttling is now disabled.
[46896:4584:0504/125104.564:VERBOSE1:capture_resolution_chooser.cc(205)] Recomputed snapped frame sizes: 2x2
[46896:4584:0504/125104.564:VERBOSE1:capture_resolution_chooser.cc(157)] Recomputed capture size from 640x360 to 2x2 (100% of ideal size)
[46896:4584:0504/125104.662:VERBOSE1:capture_resolution_chooser.cc(205)] Recomputed snapped frame sizes: 2x2
[46896:4584:0504/125104.673:VERBOSE1:capture_resolution_chooser.cc(205)] Recomputed snapped frame sizes: 2024x1158
[46896:4584:0504/125104.673:VERBOSE1:capture_resolution_chooser.cc(157)] Recomputed capture size from 2x2 to 2024x1158 (100% of ideal size)
[46896:4584:0504/125104.673:VERBOSE1:capture_resolution_chooser.cc(205)] Recomputed snapped frame sizes: 2024x1158
[46896:4584:0504/125107.144:VERBOSE1:video_capture_oracle.cc(91)] Capture size auto-throttling is now enabled.
[46896:4584:0504/125107.144:VERBOSE1:video_capture_oracle.cc(120)] Capture size auto-throttling is now disabled.
[46896:4584:0504/125107.144:VERBOSE1:capture_resolution_chooser.cc(205)] Recomputed snapped frame sizes: 2024x1158
[46896:4584:0504/125107.144:VERBOSE1:capture_resolution_chooser.cc(157)] Recomputed capture size from 640x360 to 2024x1158 (100% of ideal size)
[1260:37784:0504/125107.146:WARNING:frame_impl.cc(430)] virtual CefFrameImpl::SendProcessMessage sent to detached frame B-4CE3A17BE90505BD659EF2F935C82565 will be ignored
[46896:4584:0504/125107.698:VERBOSE1:capture_resolution_chooser.cc(205)] Recomputed snapped frame sizes: 2024x1158
[46896:4584:0504/125108.513:VERBOSE1:video_capture_oracle.cc(250)] Client rejects proposal to capture frame (at #11).
[46896:4584:0504/125108.528:VERBOSE1:video_capture_oracle.cc(250)] Client rejects proposal to capture frame (at #11).
[46896:4584:0504/125108.546:VERBOSE1:video_capture_oracle.cc(250)] Client rejects proposal to capture frame (at #11).
[46896:4584:0504/125108.561:VERBOSE1:video_capture_oracle.cc(250)] Client rejects proposal to capture frame (at #11).
[46896:4584:0504/125108.578:VERBOSE1:video_capture_oracle.cc(250)] Client rejects proposal to capture frame (at #11).
[46896:4584:0504/125108.595:VERBOSE1:video_capture_oracle.cc(250)] Client rejects proposal to capture frame (at #11).
[46896:4584:0504/125111.815:VERBOSE1:video_capture_oracle.cc(250)] Client rejects proposal to capture frame (at #29).
[46896:4584:0504/125111.830:VERBOSE1:video_capture_oracle.cc(250)] Client rejects proposal to capture frame (at #29).
[46896:4584:0504/125111.856:VERBOSE1:video_capture_oracle.cc(250)] Client rejects proposal to capture frame (at #29).
[46896:4584:0504/125111.864:VERBOSE1:video_capture_oracle.cc(250)] Client rejects proposal to capture frame (at #29).
[46896:4584:0504/125111.881:VERBOSE1:video_capture_oracle.cc(250)] Client rejects proposal to capture frame (at #29).
[46896:4584:0504/125111.903:VERBOSE1:video_capture_oracle.cc(250)] Client rejects proposal to capture frame (at #29).
[46896:4584:0504/125113.546:VERBOSE1:video_capture_oracle.cc(250)] Client rejects proposal to capture frame (at #41).
[46896:4584:0504/125113.562:VERBOSE1:video_capture_oracle.cc(250)] Client rejects proposal to capture frame (at #41).
[46896:4584:0504/125113.578:VERBOSE1:video_capture_oracle.cc(250)] Client rejects proposal to capture frame (at #41).
[46896:4584:0504/125113.612:VERBOSE1:video_capture_oracle.cc(250)] Client rejects proposal to capture frame (at #42).
[46896:4584:0504/125118.780:VERBOSE1:video_capture_oracle.cc(250)] Client rejects proposal to capture frame (at #83).
[46896:4584:0504/125118.848:VERBOSE1:video_capture_oracle.cc(250)] Client rejects proposal to capture frame (at #86).
[46896:4584:0504/125118.864:VERBOSE1:video_capture_oracle.cc(250)] Client rejects proposal to capture frame (at #86).
[46896:4584:0504/125120.228:VERBOSE1:video_capture_oracle.cc(250)] Client rejects proposal to capture frame (at #116).
[46896:4584:0504/125120.246:VERBOSE1:video_capture_oracle.cc(250)] Client rejects proposal to capture frame (at #116).
[46896:4584:0504/125120.261:VERBOSE1:video_capture_oracle.cc(250)] Client rejects proposal to capture frame (at #116).
[46896:4584:0504/125120.295:VERBOSE1:video_capture_oracle.cc(250)] Client rejects proposal to capture frame (at #117).
[46896:4584:0504/125120.311:VERBOSE1:video_capture_oracle.cc(250)] Client rejects proposal to capture frame (at #117).
[46896:4584:0504/125120.330:VERBOSE1:video_capture_oracle.cc(250)] Client rejects proposal to capture frame (at #117).
[46896:4584:0504/125121.958:VERBOSE1:video_capture_oracle.cc(250)] Client rejects proposal to capture frame (at #137).
[46896:4584:0504/125121.982:VERBOSE1:video_capture_oracle.cc(250)] Client rejects proposal to capture frame (at #138).
[46896:4584:0504/125121.996:VERBOSE1:video_capture_oracle.cc(250)] Client rejects proposal to capture frame (at #138).
[46896:4584:0504/125122.047:VERBOSE1:video_capture_oracle.cc(250)] Client rejects proposal to capture frame (at #140).
[46896:4584:0504/125122.065:VERBOSE1:video_capture_oracle.cc(250)] Client rejects proposal to capture frame (at #140).
[46896:4584:0504/125122.079:VERBOSE1:video_capture_oracle.cc(250)] Client rejects proposal to capture frame (at #140).
[46896:4584:0504/125122.115:VERBOSE1:video_capture_oracle.cc(250)] Client rejects proposal to capture frame (at #141).
[46896:4584:0504/125122.130:VERBOSE1:video_capture_oracle.cc(250)] Client rejects proposal to capture frame (at #141).
[46896:4584:0504/125122.148:VERBOSE1:video_capture_oracle.cc(250)] Client rejects proposal to capture frame (at #141).
[46896:4584:0504/125122.184:VERBOSE1:video_capture_oracle.cc(250)] Client rejects proposal to capture frame (at #142).
[46896:4584:0504/125122.197:VERBOSE1:video_capture_oracle.cc(250)] Client rejects proposal to capture frame (at #142).
[46896:4584:0504/125122.214:VERBOSE1:video_capture_oracle.cc(250)] Client rejects proposal to capture frame (at #142).
[46896:4584:0504/125122.231:VERBOSE1:video_capture_oracle.cc(250)] Client rejects proposal to capture frame (at #142).
[46896:4584:0504/125122.264:VERBOSE1:video_capture_oracle.cc(250)] Client rejects proposal to capture frame (at #143).
[46896:4584:0504/125122.298:VERBOSE1:video_capture_oracle.cc(250)] Client rejects proposal to capture frame (at #143).
[46896:4584:0504/125122.314:VERBOSE1:video_capture_oracle.cc(250)] Client rejects proposal to capture frame (at #143).
[46896:4584:0504/125122.329:VERBOSE1:video_capture_oracle.cc(250)] Client rejects proposal to capture frame (at #143).
[46896:4584:0504/125122.370:VERBOSE1:video_capture_oracle.cc(250)] Client rejects proposal to capture frame (at #144).
[46896:4584:0504/125122.380:VERBOSE1:video_capture_oracle.cc(250)] Client rejects proposal to capture frame (at #144).
[46896:4584:0504/125122.413:VERBOSE1:video_capture_oracle.cc(250)] Client rejects proposal to capture frame (at #145).
[46896:4584:0504/125122.447:VERBOSE1:video_capture_oracle.cc(250)] Client rejects proposal to capture frame (at #146).
[46896:4584:0504/125122.462:VERBOSE1:video_capture_oracle.cc(250)] Client rejects proposal to capture frame (at #146).
[46896:4584:0504/125122.482:VERBOSE1:video_capture_oracle.cc(250)] Client rejects proposal to capture frame (at #146).
[46896:4584:0504/125122.498:VERBOSE1:video_capture_oracle.cc(250)] Client rejects proposal to capture frame (at #146).
[46896:4584:0504/125122.529:VERBOSE1:video_capture_oracle.cc(250)] Client rejects proposal to capture frame (at #147).
[46896:4584:0504/125122.547:VERBOSE1:video_capture_oracle.cc(250)] Client rejects proposal to capture frame (at #147).
[46896:4584:0504/125122.581:VERBOSE1:video_capture_oracle.cc(250)] Client rejects proposal to capture frame (at #148).
[46896:4584:0504/125122.598:VERBOSE1:video_capture_oracle.cc(250)] Client rejects proposal to capture frame (at #148).
[46896:4584:0504/125122.617:VERBOSE1:video_capture_oracle.cc(250)] Client rejects proposal to capture frame (at #148).
[46896:4584:0504/125122.630:VERBOSE1:video_capture_oracle.cc(250)] Client rejects proposal to capture frame (at #148).
[46896:4584:0504/125122.663:VERBOSE1:video_capture_oracle.cc(250)] Client rejects proposal to capture frame (at #149).
[46896:4584:0504/125122.698:VERBOSE1:video_capture_oracle.cc(250)] Client rejects proposal to capture frame (at #150).
[46896:4584:0504/125122.713:VERBOSE1:video_capture_oracle.cc(250)] Client rejects proposal to capture frame (at #150).
[46896:4584:0504/125122.734:VERBOSE1:video_capture_oracle.cc(250)] Client rejects proposal to capture frame (at #150).
[46896:4584:0504/125122.746:VERBOSE1:video_capture_oracle.cc(250)] Client rejects proposal to capture frame (at #150).
[46896:4584:0504/125122.764:VERBOSE1:video_capture_oracle.cc(250)] Client rejects proposal to capture frame (at #150).
[46896:4584:0504/125122.782:VERBOSE1:video_capture_oracle.cc(250)] Client rejects proposal to capture frame (at #150).
[46896:4584:0504/125122.818:VERBOSE1:video_capture_oracle.cc(250)] Client rejects proposal to capture frame (at #151).
[46896:4584:0504/125122.830:VERBOSE1:video_capture_oracle.cc(250)] Client rejects proposal to capture frame (at #151).
[46896:4584:0504/125122.847:VERBOSE1:video_capture_oracle.cc(250)] Client rejects proposal to capture frame (at #151).
[46896:4584:0504/125122.867:VERBOSE1:video_capture_oracle.cc(250)] Client rejects proposal to capture frame (at #151).
[46896:4584:0504/125122.881:VERBOSE1:video_capture_oracle.cc(250)] Client rejects proposal to capture frame (at #151).
[46896:4584:0504/125122.896:VERBOSE1:video_capture_oracle.cc(250)] Client rejects proposal to capture frame (at #151).
[46896:4584:0504/125122.913:VERBOSE1:video_capture_oracle.cc(250)] Client rejects proposal to capture frame (at #151).
[46896:4584:0504/125122.930:VERBOSE1:video_capture_oracle.cc(250)] Client rejects proposal to capture frame (at #151).
[46896:4584:0504/125122.964:VERBOSE1:video_capture_oracle.cc(250)] Client rejects proposal to capture frame (at #152).
[46896:4584:0504/125122.998:VERBOSE1:video_capture_oracle.cc(250)] Client rejects proposal to capture frame (at #153).
[46896:4584:0504/125123.015:VERBOSE1:video_capture_oracle.cc(250)] Client rejects proposal to capture frame (at #153).
[46896:4584:0504/125123.031:VERBOSE1:video_capture_oracle.cc(250)] Client rejects proposal to capture frame (at #153).
[46896:4584:0504/125123.047:VERBOSE1:video_capture_oracle.cc(250)] Client rejects proposal to capture frame (at #153).
[46896:4584:0504/125123.080:VERBOSE1:video_capture_oracle.cc(250)] Client rejects proposal to capture frame (at #154).
[46896:4584:0504/125123.098:VERBOSE1:video_capture_oracle.cc(250)] Client rejects proposal to capture frame (at #154).
[46896:4584:0504/125123.118:VERBOSE1:video_capture_oracle.cc(250)] Client rejects proposal to capture frame (at #154).
[46896:4584:0504/125123.131:VERBOSE1:video_capture_oracle.cc(250)] Client rejects proposal to capture frame (at #154).
[46896:4584:0504/125123.164:VERBOSE1:video_capture_oracle.cc(250)] Client rejects proposal to capture frame (at #155).
[46896:4584:0504/125123.179:VERBOSE1:video_capture_oracle.cc(250)] Client rejects proposal to capture frame (at #155).
[46896:4584:0504/125123.199:VERBOSE1:video_capture_oracle.cc(250)] Client rejects proposal to capture frame (at #155).
[46896:4584:0504/125123.213:VERBOSE1:video_capture_oracle.cc(250)] Client rejects proposal to capture frame (at #155).
[46896:4584:0504/125123.248:VERBOSE1:video_capture_oracle.cc(250)] Client rejects proposal to capture frame (at #156).
[46896:4584:0504/125123.263:VERBOSE1:video_capture_oracle.cc(250)] Client rejects proposal to capture frame (at #156).
[46896:4584:0504/125123.295:VERBOSE1:video_capture_oracle.cc(250)] Client rejects proposal to capture frame (at #157).
[46896:4584:0504/125123.330:VERBOSE1:video_capture_oracle.cc(250)] Client rejects proposal to capture frame (at #158).
[46896:4584:0504/125123.346:VERBOSE1:video_capture_oracle.cc(250)] Client rejects proposal to capture frame (at #158).
[46896:4584:0504/125123.366:VERBOSE1:video_capture_oracle.cc(250)] Client rejects proposal to capture frame (at #158).
[46896:4584:0504/125123.964:VERBOSE1:video_capture_oracle.cc(250)] Client rejects proposal to capture frame (at #167).
[46896:4584:0504/125123.981:VERBOSE1:video_capture_oracle.cc(250)] Client rejects proposal to capture frame (at #167).
[46896:4584:0504/125123.998:VERBOSE1:video_capture_oracle.cc(250)] Client rejects proposal to capture frame (at #167).
[46896:4584:0504/125124.014:VERBOSE1:video_capture_oracle.cc(250)] Client rejects proposal to capture frame (at #167).
[46896:4584:0504/125124.030:VERBOSE1:video_capture_oracle.cc(250)] Client rejects proposal to capture frame (at #167).
[46896:4584:0504/125124.047:VERBOSE1:video_capture_oracle.cc(250)] Client rejects proposal to capture frame (at #167).
[46896:4584:0504/125124.063:VERBOSE1:video_capture_oracle.cc(250)] Client rejects proposal to capture frame (at #167).
[46896:4584:0504/125124.096:VERBOSE1:video_capture_oracle.cc(250)] Client rejects proposal to capture frame (at #168).
[46896:4584:0504/125124.114:VERBOSE1:video_capture_oracle.cc(250)] Client rejects proposal to capture frame (at #168).
[46896:4584:0504/125124.131:VERBOSE1:video_capture_oracle.cc(250)] Client rejects proposal to capture frame (at #168).
[46896:4584:0504/125124.147:VERBOSE1:video_capture_oracle.cc(250)] Client rejects proposal to capture frame (at #168).
[46896:4584:0504/125124.863:VERBOSE1:video_capture_oracle.cc(250)] Client rejects proposal to capture frame (at #181).
[46896:4584:0504/125124.897:VERBOSE1:video_capture_oracle.cc(250)] Client rejects proposal to capture frame (at #182).
[46896:4584:0504/125124.914:VERBOSE1:video_capture_oracle.cc(250)] Client rejects proposal to capture frame (at #182).
[46896:4584:0504/125125.663:VERBOSE1:video_capture_oracle.cc(250)] Client rejects proposal to capture frame (at #192).
[46896:4584:0504/125125.680:VERBOSE1:video_capture_oracle.cc(250)] Client rejects proposal to capture frame (at #192).
[46896:4584:0504/125125.696:VERBOSE1:video_capture_oracle.cc(250)] Client rejects proposal to capture frame (at #192).
[46896:4584:0504/125127.898:VERBOSE1:video_capture_oracle.cc(250)] Client rejects proposal to capture frame (at #211).
[46896:4584:0504/125127.939:VERBOSE1:video_capture_oracle.cc(250)] Client rejects proposal to capture frame (at #212).
[46896:4584:0504/125127.951:VERBOSE1:video_capture_oracle.cc(250)] Client rejects proposal to capture frame (at #212).
[46896:4584:0504/125127.963:VERBOSE1:video_capture_oracle.cc(250)] Client rejects proposal to capture frame (at #212).
[46896:4584:0504/125127.997:VERBOSE1:video_capture_oracle.cc(250)] Client rejects proposal to capture frame (at #213).
[46896:4584:0504/130539.462:VERBOSE1:video_capture_oracle.cc(91)] Capture size auto-throttling is now enabled.
[46896:4584:0504/130539.462:VERBOSE1:video_capture_oracle.cc(120)] Capture size auto-throttling is now disabled.
[46896:4584:0504/130539.462:VERBOSE1:capture_resolution_chooser.cc(205)] Recomputed snapped frame sizes: 2x2
[46896:4584:0504/130539.462:VERBOSE1:capture_resolution_chooser.cc(157)] Recomputed capture size from 640x360 to 2x2 (100% of ideal size)
[46896:4584:0504/130539.550:VERBOSE1:capture_resolution_chooser.cc(205)] Recomputed snapped frame sizes: 2x2
[46896:4584:0504/130539.743:VERBOSE1:capture_resolution_chooser.cc(205)] Recomputed snapped frame sizes: 2030x1164
[46896:4584:0504/130539.743:VERBOSE1:capture_resolution_chooser.cc(157)] Recomputed capture size from 2x2 to 2030x1164 (100% of ideal size)
[46896:4584:0504/130539.743:VERBOSE1:capture_resolution_chooser.cc(205)] Recomputed snapped frame sizes: 2030x1164
[46896:4584:0504/130542.015:VERBOSE1:video_capture_oracle.cc(91)] Capture size auto-throttling is now enabled.
[46896:4584:0504/130542.015:VERBOSE1:video_capture_oracle.cc(120)] Capture size auto-throttling is now disabled.
[46896:4584:0504/130542.015:VERBOSE1:capture_resolution_chooser.cc(205)] Recomputed snapped frame sizes: 2030x1164
[46896:4584:0504/130542.015:VERBOSE1:capture_resolution_chooser.cc(157)] Recomputed capture size from 640x360 to 2030x1164 (100% of ideal size)
[38740:35732:0504/130542.020:WARNING:frame_impl.cc(430)] virtual CefFrameImpl::SendProcessMessage sent to detached frame F-182F8617C16A4CC6051EB8FB090F2C1F will be ignored
[46896:4584:0504/130542.583:VERBOSE1:capture_resolution_chooser.cc(205)] Recomputed snapped frame sizes: 2030x1164
[46896:4584:0504/130543.268:VERBOSE1:video_capture_oracle.cc(250)] Client rejects proposal to capture frame (at #11).
[46896:4584:0504/130543.284:VERBOSE1:video_capture_oracle.cc(250)] Client rejects proposal to capture frame (at #11).
[46896:4584:0504/130543.300:VERBOSE1:video_capture_oracle.cc(250)] Client rejects proposal to capture frame (at #11).
[46896:4584:0504/130543.317:VERBOSE1:video_capture_oracle.cc(250)] Client rejects proposal to capture frame (at #11).
[46896:4584:0504/130543.335:VERBOSE1:video_capture_oracle.cc(250)] Client rejects proposal to capture frame (at #11).
[46896:4584:0504/130543.349:VERBOSE1:video_capture_oracle.cc(250)] Client rejects proposal to capture frame (at #11).
[46896:4584:0504/130543.367:VERBOSE1:video_capture_oracle.cc(250)] Client rejects proposal to capture frame (at #11).
[46896:4584:0504/130543.383:VERBOSE1:video_capture_oracle.cc(250)] Client rejects proposal to capture frame (at #11).
[46896:4584:0504/130543.968:VERBOSE1:video_capture_oracle.cc(250)] Client rejects proposal to capture frame (at #12).
[46896:4584:0504/130543.984:VERBOSE1:video_capture_oracle.cc(250)] Client rejects proposal to capture frame (at #12).
[46896:4584:0504/130544.000:VERBOSE1:video_capture_oracle.cc(250)] Client rejects proposal to capture frame (at #12).
[46896:4584:0504/130544.016:VERBOSE1:video_capture_oracle.cc(250)] Client rejects proposal to capture frame (at #13).
[46896:4584:0504/130544.035:VERBOSE1:video_capture_oracle.cc(250)] Client rejects proposal to capture frame (at #13).
[46896:4584:0504/130544.050:VERBOSE1:video_capture_oracle.cc(250)] Client rejects proposal to capture frame (at #13).
[46896:4584:0504/130544.067:VERBOSE1:video_capture_oracle.cc(250)] Client rejects proposal to capture frame (at #13).
[46896:4584:0504/130544.085:VERBOSE1:video_capture_oracle.cc(250)] Client rejects proposal to capture frame (at #13).
[46896:4584:0504/130544.101:VERBOSE1:video_capture_oracle.cc(250)] Client rejects proposal to capture frame (at #13).
[46896:4584:0504/130544.118:VERBOSE1:video_capture_oracle.cc(250)] Client rejects proposal to capture frame (at #13).
[46896:4584:0504/130544.153:VERBOSE1:video_capture_oracle.cc(250)] Client rejects proposal to capture frame (at #14).
[46896:4584:0504/130544.167:VERBOSE1:video_capture_oracle.cc(250)] Client rejects proposal to capture frame (at #14).
[46896:4584:0504/130544.186:VERBOSE1:video_capture_oracle.cc(250)] Client rejects proposal to capture frame (at #14).
[46896:4584:0504/130554.838:VERBOSE1:video_capture_oracle.cc(250)] Client rejects proposal to capture frame (at #45).
[46896:4584:0504/130554.854:VERBOSE1:video_capture_oracle.cc(250)] Client rejects proposal to capture frame (at #45).
[46896:4584:0504/130554.870:VERBOSE1:video_capture_oracle.cc(250)] Client rejects proposal to capture frame (at #45).
[46896:4584:0504/130554.884:VERBOSE1:video_capture_oracle.cc(250)] Client rejects proposal to capture frame (at #45).
[46896:4584:0504/130554.901:VERBOSE1:video_capture_oracle.cc(250)] Client rejects proposal to capture frame (at #45).
[46896:4584:0504/130556.901:VERBOSE1:video_capture_oracle.cc(250)] Client rejects proposal to capture frame (at #66).
[46896:4584:0504/130601.218:VERBOSE1:video_capture_oracle.cc(250)] Client rejects proposal to capture frame (at #102).
[46896:4584:0504/130601.233:VERBOSE1:video_capture_oracle.cc(250)] Client rejects proposal to capture frame (at #102).
[46896:4584:0504/130601.250:VERBOSE1:video_capture_oracle.cc(250)] Client rejects proposal to capture frame (at #102).
[46896:4584:0504/130601.308:VERBOSE1:video_capture_oracle.cc(250)] Client rejects proposal to capture frame (at #102).
[46896:4584:0504/130601.316:VERBOSE1:video_capture_oracle.cc(250)] Client rejects proposal to capture frame (at #102).
[46896:4584:0504/130601.370:VERBOSE1:video_capture_oracle.cc(250)] Client rejects proposal to capture frame (at #102).
[46896:4584:0504/130601.384:VERBOSE1:video_capture_oracle.cc(250)] Client rejects proposal to capture frame (at #102).
[46896:4584:0504/130601.400:VERBOSE1:video_capture_oracle.cc(250)] Client rejects proposal to capture frame (at #102).
[46896:4584:0504/130601.438:VERBOSE1:video_capture_oracle.cc(250)] Client rejects proposal to capture frame (at #103).
[46896:4584:0504/130601.448:VERBOSE1:video_capture_oracle.cc(250)] Client rejects proposal to capture frame (at #103).
[46896:4584:0504/130601.467:VERBOSE1:video_capture_oracle.cc(250)] Client rejects proposal to capture frame (at #103).
[46896:4584:0504/130601.482:VERBOSE1:video_capture_oracle.cc(250)] Client rejects proposal to capture frame (at #103).
[46896:4584:0504/130601.501:VERBOSE1:video_capture_oracle.cc(250)] Client rejects proposal to capture frame (at #103).
[46896:4584:0504/130601.515:VERBOSE1:video_capture_oracle.cc(250)] Client rejects proposal to capture frame (at #103).
[46896:4584:0504/130601.553:VERBOSE1:video_capture_oracle.cc(250)] Client rejects proposal to capture frame (at #104).
[46896:4584:0504/130601.669:VERBOSE1:video_capture_oracle.cc(250)] Client rejects proposal to capture frame (at #106).
[46896:4584:0504/130601.684:VERBOSE1:video_capture_oracle.cc(250)] Client rejects proposal to capture frame (at #106).
[46896:4584:0504/130601.701:VERBOSE1:video_capture_oracle.cc(250)] Client rejects proposal to capture frame (at #106).
[46896:4584:0504/130601.719:VERBOSE1:video_capture_oracle.cc(250)] Client rejects proposal to capture frame (at #106).
[46896:4584:0504/130601.752:VERBOSE1:video_capture_oracle.cc(250)] Client rejects proposal to capture frame (at #107).
[46896:4584:0504/130601.768:VERBOSE1:video_capture_oracle.cc(250)] Client rejects proposal to capture frame (at #107).
[46896:4584:0504/130601.786:VERBOSE1:video_capture_oracle.cc(250)] Client rejects proposal to capture frame (at #107).
[46896:4584:0504/130601.801:VERBOSE1:video_capture_oracle.cc(250)] Client rejects proposal to capture frame (at #107).
[46896:4584:0504/130601.835:VERBOSE1:video_capture_oracle.cc(250)] Client rejects proposal to capture frame (at #108).
[46896:4584:0504/130601.888:VERBOSE1:video_capture_oracle.cc(250)] Client rejects proposal to capture frame (at #110).
[46896:4584:0504/130601.904:VERBOSE1:video_capture_oracle.cc(250)] Client rejects proposal to capture frame (at #110).
[46896:4584:0504/130601.917:VERBOSE1:video_capture_oracle.cc(250)] Client rejects proposal to capture frame (at #110).
[46896:4584:0504/130601.969:VERBOSE1:video_capture_oracle.cc(250)] Client rejects proposal to capture frame (at #112).
[46896:4584:0504/130601.987:VERBOSE1:video_capture_oracle.cc(250)] Client rejects proposal to capture frame (at #112).
[46896:4584:0504/130602.002:VERBOSE1:video_capture_oracle.cc(250)] Client rejects proposal to capture frame (at #112).
[46896:4584:0504/130602.017:VERBOSE1:video_capture_oracle.cc(250)] Client rejects proposal to capture frame (at #112).
[46896:4584:0504/130602.046:VERBOSE1:video_capture_oracle.cc(250)] Client rejects proposal to capture frame (at #112).
[46896:4584:0504/130602.051:VERBOSE1:video_capture_oracle.cc(250)] Client rejects proposal to capture frame (at #112).
[46896:4584:0504/130602.071:VERBOSE1:video_capture_oracle.cc(250)] Client rejects proposal to capture frame (at #112).
[46896:4584:0504/130602.084:VERBOSE1:video_capture_oracle.cc(250)] Client rejects proposal to capture frame (at #112).
[46896:4584:0504/130602.102:VERBOSE1:video_capture_oracle.cc(250)] Client rejects proposal to capture frame (at #112).
[46896:4584:0504/130602.120:VERBOSE1:video_capture_oracle.cc(250)] Client rejects proposal to capture frame (at #112).
[46896:4584:0504/130602.134:VERBOSE1:video_capture_oracle.cc(250)] Client rejects proposal to capture frame (at #112).
[46896:4584:0504/130602.154:VERBOSE1:video_capture_oracle.cc(250)] Client rejects proposal to capture frame (at #112).
[46896:4584:0504/130602.167:VERBOSE1:video_capture_oracle.cc(250)] Client rejects proposal to capture frame (at #112).
[46896:4584:0504/130602.186:VERBOSE1:video_capture_oracle.cc(250)] Client rejects proposal to capture frame (at #112).
[46896:4584:0504/130602.200:VERBOSE1:video_capture_oracle.cc(250)] Client rejects proposal to capture frame (at #112).
[46896:4584:0504/130602.218:VERBOSE1:video_capture_oracle.cc(250)] Client rejects proposal to capture frame (at #112).
[46896:4584:0504/130602.235:VERBOSE1:video_capture_oracle.cc(250)] Client rejects proposal to capture frame (at #112).
[46896:4584:0504/130602.251:VERBOSE1:video_capture_oracle.cc(250)] Client rejects proposal to capture frame (at #112).
[46896:4584:0504/130602.269:VERBOSE1:video_capture_oracle.cc(250)] Client rejects proposal to capture frame (at #112).
[46896:4584:0504/130602.288:VERBOSE1:video_capture_oracle.cc(250)] Client rejects proposal to capture frame (at #112).
[46896:4584:0504/130602.304:VERBOSE1:video_capture_oracle.cc(250)] Client rejects proposal to capture frame (at #112).
[46896:4584:0504/130602.318:VERBOSE1:video_capture_oracle.cc(250)] Client rejects proposal to capture frame (at #112).
[46896:4584:0504/130602.336:VERBOSE1:video_capture_oracle.cc(250)] Client rejects proposal to capture frame (at #112).
[46896:4584:0504/130602.353:VERBOSE1:video_capture_oracle.cc(250)] Client rejects proposal to capture frame (at #112).
[46896:4584:0504/130602.368:VERBOSE1:video_capture_oracle.cc(250)] Client rejects proposal to capture frame (at #112).
[46896:4584:0504/130602.402:VERBOSE1:video_capture_oracle.cc(250)] Client rejects proposal to capture frame (at #113).
[46896:4584:0504/130602.419:VERBOSE1:video_capture_oracle.cc(250)] Client rejects proposal to capture frame (at #113).
[46896:4584:0504/130602.435:VERBOSE1:video_capture_oracle.cc(250)] Client rejects proposal to capture frame (at #113).
[46896:4584:0504/130602.478:VERBOSE1:video_capture_oracle.cc(250)] Client rejects proposal to capture frame (at #113).
[46896:4584:0504/130602.641:VERBOSE1:video_capture_oracle.cc(250)] Client rejects proposal to capture frame (at #116).
[46896:4584:0504/130602.652:VERBOSE1:video_capture_oracle.cc(250)] Client rejects proposal to capture frame (at #116).
[46896:4584:0504/130602.693:VERBOSE1:video_capture_oracle.cc(250)] Client rejects proposal to capture frame (at #117).
[46896:4584:0504/130602.766:VERBOSE1:video_capture_oracle.cc(250)] Client rejects proposal to capture frame (at #120).
[46896:4584:0504/130602.782:VERBOSE1:video_capture_oracle.cc(250)] Client rejects proposal to capture frame (at #120).
[46896:4584:0504/130602.815:VERBOSE1:video_capture_oracle.cc(250)] Client rejects proposal to capture frame (at #121).
[46896:4584:0504/130602.850:VERBOSE1:video_capture_oracle.cc(250)] Client rejects proposal to capture frame (at #122).
[46896:4584:0504/130602.865:VERBOSE1:video_capture_oracle.cc(250)] Client rejects proposal to capture frame (at #122).
[46896:4584:0504/130602.882:VERBOSE1:video_capture_oracle.cc(250)] Client rejects proposal to capture frame (at #122).
[46896:4584:0504/130602.898:VERBOSE1:video_capture_oracle.cc(250)] Client rejects proposal to capture frame (at #122).
[46896:4584:0504/130602.916:VERBOSE1:video_capture_oracle.cc(250)] Client rejects proposal to capture frame (at #122).
[46896:4584:0504/130602.933:VERBOSE1:video_capture_oracle.cc(250)] Client rejects proposal to capture frame (at #122).
[46896:4584:0504/130602.949:VERBOSE1:video_capture_oracle.cc(250)] Client rejects proposal to capture frame (at #122).
[46896:4584:0504/130602.965:VERBOSE1:video_capture_oracle.cc(250)] Client rejects proposal to capture frame (at #122).
[46896:4584:0504/130602.982:VERBOSE1:video_capture_oracle.cc(250)] Client rejects proposal to capture frame (at #122).
[46896:4584:0504/130602.999:VERBOSE1:video_capture_oracle.cc(250)] Client rejects proposal to capture frame (at #122).
[46896:4584:0504/130603.017:VERBOSE1:video_capture_oracle.cc(250)] Client rejects proposal to capture frame (at #122).
[46896:4584:0504/130603.033:VERBOSE1:video_capture_oracle.cc(250)] Client rejects proposal to capture frame (at #122).
[46896:4584:0504/130603.049:VERBOSE1:video_capture_oracle.cc(250)] Client rejects proposal to capture frame (at #122).
[46896:4584:0504/130603.065:VERBOSE1:video_capture_oracle.cc(250)] Client rejects proposal to capture frame (at #122).
[46896:4584:0504/130603.082:VERBOSE1:video_capture_oracle.cc(250)] Client rejects proposal to capture frame (at #122).
[46896:4584:0504/130603.099:VERBOSE1:video_capture_oracle.cc(250)] Client rejects proposal to capture frame (at #122).
[46896:4584:0504/130603.115:VERBOSE1:video_capture_oracle.cc(250)] Client rejects proposal to capture frame (at #122).
[46896:4584:0504/130603.133:VERBOSE1:video_capture_oracle.cc(250)] Client rejects proposal to capture frame (at #122).
[46896:4584:0504/130603.150:VERBOSE1:video_capture_oracle.cc(250)] Client rejects proposal to capture frame (at #122).
[46896:4584:0504/130603.165:VERBOSE1:video_capture_oracle.cc(250)] Client rejects proposal to capture frame (at #122).
[46896:4584:0504/130603.334:VERBOSE1:video_capture_oracle.cc(250)] Client rejects proposal to capture frame (at #122).
[46896:4584:0504/130604.652:VERBOSE1:video_capture_oracle.cc(250)] Client rejects proposal to capture frame (at #130).
[46896:4584:0504/130604.669:VERBOSE1:video_capture_oracle.cc(250)] Client rejects proposal to capture frame (at #130).
[46896:4584:0504/130604.685:VERBOSE1:video_capture_oracle.cc(250)] Client rejects proposal to capture frame (at #130).
[46896:4584:0504/130604.700:VERBOSE1:video_capture_oracle.cc(250)] Client rejects proposal to capture frame (at #130).
[46896:4584:0504/130604.719:VERBOSE1:video_capture_oracle.cc(250)] Client rejects proposal to capture frame (at #130).
[46896:4584:0504/130604.734:VERBOSE1:video_capture_oracle.cc(250)] Client rejects proposal to capture frame (at #130).
[46896:4584:0504/130604.752:VERBOSE1:video_capture_oracle.cc(250)] Client rejects proposal to capture frame (at #130).
[46896:4584:0504/130604.787:VERBOSE1:video_capture_oracle.cc(250)] Client rejects proposal to capture frame (at #131).
[46896:4584:0504/130604.818:VERBOSE1:video_capture_oracle.cc(250)] Client rejects proposal to capture frame (at #132).
[46896:4584:0504/130604.834:VERBOSE1:video_capture_oracle.cc(250)] Client rejects proposal to capture frame (at #132).
[46896:4584:0504/130604.851:VERBOSE1:video_capture_oracle.cc(250)] Client rejects proposal to capture frame (at #132).
[46896:4584:0504/130604.867:VERBOSE1:video_capture_oracle.cc(250)] Client rejects proposal to capture frame (at #132).
[46896:4584:0504/130604.886:VERBOSE1:video_capture_oracle.cc(250)] Client rejects proposal to capture frame (at #132).
[46896:4584:0504/130604.901:VERBOSE1:video_capture_oracle.cc(250)] Client rejects proposal to capture frame (at #132).
[46896:4584:0504/130604.918:VERBOSE1:video_capture_oracle.cc(250)] Client rejects proposal to capture frame (at #132).
[46896:4584:0504/130605.055:VERBOSE1:video_capture_oracle.cc(250)] Client rejects proposal to capture frame (at #132).
[46896:4584:0504/130605.068:VERBOSE1:video_capture_oracle.cc(250)] Client rejects proposal to capture frame (at #132).
[46896:4584:0504/130605.086:VERBOSE1:video_capture_oracle.cc(250)] Client rejects proposal to capture frame (at #132).
[46896:4584:0504/130605.100:VERBOSE1:video_capture_oracle.cc(250)] Client rejects proposal to capture frame (at #132).
[46896:4584:0504/130605.116:VERBOSE1:video_capture_oracle.cc(250)] Client rejects proposal to capture frame (at #132).
[46896:4584:0504/130605.135:VERBOSE1:video_capture_oracle.cc(250)] Client rejects proposal to capture frame (at #132).
[46896:4584:0504/130605.151:VERBOSE1:video_capture_oracle.cc(250)] Client rejects proposal to capture frame (at #132).
[46896:4584:0504/130605.169:VERBOSE1:video_capture_oracle.cc(250)] Client rejects proposal to capture frame (at #132).
[46896:4584:0504/130605.184:VERBOSE1:video_capture_oracle.cc(250)] Client rejects proposal to capture frame (at #132).
[46896:4584:0504/130605.203:VERBOSE1:video_capture_oracle.cc(250)] Client rejects proposal to capture frame (at #132).
[46896:4584:0504/130605.217:VERBOSE1:video_capture_oracle.cc(250)] Client rejects proposal to capture frame (at #132).
[46896:4584:0504/130605.253:VERBOSE1:video_capture_oracle.cc(250)] Client rejects proposal to capture frame (at #133).
[46896:4584:0504/130605.268:VERBOSE1:video_capture_oracle.cc(250)] Client rejects proposal to capture frame (at #133).
[46896:4584:0504/130605.303:VERBOSE1:video_capture_oracle.cc(250)] Client rejects proposal to capture frame (at #134).
[46896:4584:0504/130605.318:VERBOSE1:video_capture_oracle.cc(250)] Client rejects proposal to capture frame (at #134).
[46896:4584:0504/130605.349:VERBOSE1:video_capture_oracle.cc(250)] Client rejects proposal to capture frame (at #134).
[46896:4584:0504/130605.382:VERBOSE1:video_capture_oracle.cc(250)] Client rejects proposal to capture frame (at #135).
[46896:4584:0504/130605.415:VERBOSE1:video_capture_oracle.cc(250)] Client rejects proposal to capture frame (at #136).
[46896:4584:0504/130605.432:VERBOSE1:video_capture_oracle.cc(250)] Client rejects proposal to capture frame (at #136).
[46896:4584:0504/130605.467:VERBOSE1:video_capture_oracle.cc(250)] Client rejects proposal to capture frame (at #137).
[46896:4584:0504/130605.500:VERBOSE1:video_capture_oracle.cc(250)] Client rejects proposal to capture frame (at #138).
[46896:4584:0504/130605.515:VERBOSE1:video_capture_oracle.cc(250)] Client rejects proposal to capture frame (at #138).
[46896:4584:0504/130605.752:VERBOSE1:video_capture_oracle.cc(250)] Client rejects proposal to capture frame (at #140).
[46896:4584:0504/130605.768:VERBOSE1:video_capture_oracle.cc(250)] Client rejects proposal to capture frame (at #140).
[46896:4584:0504/130605.784:VERBOSE1:video_capture_oracle.cc(250)] Client rejects proposal to capture frame (at #140).
[46896:4584:0504/130605.801:VERBOSE1:video_capture_oracle.cc(250)] Client rejects proposal to capture frame (at #140).
[46896:4584:0504/130605.834:VERBOSE1:video_capture_oracle.cc(250)] Client rejects proposal to capture frame (at #141).
[46896:4584:0504/130605.850:VERBOSE1:video_capture_oracle.cc(250)] Client rejects proposal to capture frame (at #141).
[46896:4584:0504/130605.867:VERBOSE1:video_capture_oracle.cc(250)] Client rejects proposal to capture frame (at #141).
[46896:4584:0504/130605.885:VERBOSE1:video_capture_oracle.cc(250)] Client rejects proposal to capture frame (at #141).
[46896:4584:0504/130605.920:VERBOSE1:video_capture_oracle.cc(250)] Client rejects proposal to capture frame (at #142).
[46896:4584:0504/130605.936:VERBOSE1:video_capture_oracle.cc(250)] Client rejects proposal to capture frame (at #142).
[46896:4584:0504/130605.951:VERBOSE1:video_capture_oracle.cc(250)] Client rejects proposal to capture frame (at #142).
[46896:4584:0504/130605.968:VERBOSE1:video_capture_oracle.cc(250)] Client rejects proposal to capture frame (at #142).
[46896:4584:0504/130605.985:VERBOSE1:video_capture_oracle.cc(250)] Client rejects proposal to capture frame (at #142).
[46896:4584:0504/130606.001:VERBOSE1:video_capture_oracle.cc(250)] Client rejects proposal to capture frame (at #142).
[46896:4584:0504/130609.036:VERBOSE1:video_capture_oracle.cc(250)] Client rejects proposal to capture frame (at #162).
[46896:4584:0504/130609.069:VERBOSE1:video_capture_oracle.cc(250)] Client rejects proposal to capture frame (at #163).
[46896:4584:0504/130609.084:VERBOSE1:video_capture_oracle.cc(250)] Client rejects proposal to capture frame (at #163).
[46896:4584:0504/130609.199:VERBOSE1:video_capture_oracle.cc(250)] Client rejects proposal to capture frame (at #166).
[46896:4584:0504/130609.232:VERBOSE1:video_capture_oracle.cc(250)] Client rejects proposal to capture frame (at #167).
[46896:4584:0504/130609.265:VERBOSE1:video_capture_oracle.cc(250)] Client rejects proposal to capture frame (at #168).
[46896:4584:0504/130609.283:VERBOSE1:video_capture_oracle.cc(250)] Client rejects proposal to capture frame (at #168).
[46896:4584:0504/130609.315:VERBOSE1:video_capture_oracle.cc(250)] Client rejects proposal to capture frame (at #169).
[46896:4584:0504/130609.333:VERBOSE1:video_capture_oracle.cc(250)] Client rejects proposal to capture frame (at #169).
[46896:4584:0504/130609.365:VERBOSE1:video_capture_oracle.cc(250)] Client rejects proposal to capture frame (at #170).
[46896:4584:0504/130609.400:VERBOSE1:video_capture_oracle.cc(250)] Client rejects proposal to capture frame (at #171).
[46896:4584:0504/130609.439:VERBOSE1:video_capture_oracle.cc(250)] Client rejects proposal to capture frame (at #172).
[46896:4584:0504/130609.467:VERBOSE1:video_capture_oracle.cc(250)] Client rejects proposal to capture frame (at #173).
[46896:4584:0504/130609.485:VERBOSE1:video_capture_oracle.cc(250)] Client rejects proposal to capture frame (at #173).
[46896:4584:0504/130609.504:VERBOSE1:video_capture_oracle.cc(250)] Client rejects proposal to capture frame (at #173).
[46896:4584:0504/130609.517:VERBOSE1:video_capture_oracle.cc(250)] Client rejects proposal to capture frame (at #173).
[46896:4584:0504/130609.534:VERBOSE1:video_capture_oracle.cc(250)] Client rejects proposal to capture frame (at #173).
[46896:4584:0504/130609.551:VERBOSE1:video_capture_oracle.cc(250)] Client rejects proposal to capture frame (at #173).
[46896:4584:0504/130609.568:VERBOSE1:video_capture_oracle.cc(250)] Client rejects proposal to capture frame (at #173).
[46896:4584:0504/130609.586:VERBOSE1:video_capture_oracle.cc(250)] Client rejects proposal to capture frame (at #173).
[46896:4584:0504/130609.602:VERBOSE1:video_capture_oracle.cc(250)] Client rejects proposal to capture frame (at #173).
[46896:4584:0504/130609.617:VERBOSE1:video_capture_oracle.cc(250)] Client rejects proposal to capture frame (at #173).
[46896:4584:0504/130609.634:VERBOSE1:video_capture_oracle.cc(250)] Client rejects proposal to capture frame (at #173).
[46896:4584:0504/130609.651:VERBOSE1:video_capture_oracle.cc(250)] Client rejects proposal to capture frame (at #173).
[46896:4584:0504/130609.668:VERBOSE1:video_capture_oracle.cc(250)] Client rejects proposal to capture frame (at #173).
[46896:4584:0504/130609.684:VERBOSE1:video_capture_oracle.cc(250)] Client rejects proposal to capture frame (at #173).
[46896:4584:0504/130609.704:VERBOSE1:video_capture_oracle.cc(250)] Client rejects proposal to capture frame (at #173).
[46896:4584:0504/130609.720:VERBOSE1:video_capture_oracle.cc(250)] Client rejects proposal to capture frame (at #173).
[46896:4584:0504/130609.734:VERBOSE1:video_capture_oracle.cc(250)] Client rejects proposal to capture frame (at #173).
[46896:4584:0504/130609.751:VERBOSE1:video_capture_oracle.cc(250)] Client rejects proposal to capture frame (at #173).
[46896:4584:0504/130609.766:VERBOSE1:video_capture_oracle.cc(250)] Client rejects proposal to capture frame (at #173).
[46896:4584:0504/130609.801:VERBOSE1:video_capture_oracle.cc(250)] Client rejects proposal to capture frame (at #174).
[46896:4584:0504/130609.817:VERBOSE1:video_capture_oracle.cc(250)] Client rejects proposal to capture frame (at #174).
[46896:4584:0504/130609.834:VERBOSE1:video_capture_oracle.cc(250)] Client rejects proposal to capture frame (at #174).
[46896:4584:0504/130609.849:VERBOSE1:video_capture_oracle.cc(250)] Client rejects proposal to capture frame (at #174).
[46896:4584:0504/130609.867:VERBOSE1:video_capture_oracle.cc(250)] Client rejects proposal to capture frame (at #174).
[46896:4584:0504/130610.083:VERBOSE1:video_capture_oracle.cc(250)] Client rejects proposal to capture frame (at #177).
[46896:4584:0504/130610.117:VERBOSE1:video_capture_oracle.cc(250)] Client rejects proposal to capture frame (at #178).
[46896:4584:0504/130610.133:VERBOSE1:video_capture_oracle.cc(250)] Client rejects proposal to capture frame (at #178).
[46896:4584:0504/130610.151:VERBOSE1:video_capture_oracle.cc(250)] Client rejects proposal to capture frame (at #178).
[46896:4584:0504/130610.166:VERBOSE1:video_capture_oracle.cc(250)] Client rejects proposal to capture frame (at #178).
[46896:4584:0504/130610.201:VERBOSE1:video_capture_oracle.cc(250)] Client rejects proposal to capture frame (at #179).
[46896:4584:0504/130610.218:VERBOSE1:video_capture_oracle.cc(250)] Client rejects proposal to capture frame (at #179).
[46896:4584:0504/130610.234:VERBOSE1:video_capture_oracle.cc(250)] Client rejects proposal to capture frame (at #179).
[46896:4584:0504/130610.250:VERBOSE1:video_capture_oracle.cc(250)] Client rejects proposal to capture frame (at #179).
[46896:4584:0504/130610.284:VERBOSE1:video_capture_oracle.cc(250)] Client rejects proposal to capture frame (at #180).
[46896:4584:0504/130610.300:VERBOSE1:video_capture_oracle.cc(250)] Client rejects proposal to capture frame (at #180).
[46896:4584:0504/130610.685:VERBOSE1:video_capture_oracle.cc(250)] Client rejects proposal to capture frame (at #183).
[46896:4584:0504/130610.701:VERBOSE1:video_capture_oracle.cc(250)] Client rejects proposal to capture frame (at #183).
[46896:4584:0504/130610.717:VERBOSE1:video_capture_oracle.cc(250)] Client rejects proposal to capture frame (at #183).
[46896:4584:0504/130610.734:VERBOSE1:video_capture_oracle.cc(250)] Client rejects proposal to capture frame (at #183).
[46896:4584:0504/130610.967:VERBOSE1:video_capture_oracle.cc(250)] Client rejects proposal to capture frame (at #185).
[46896:4584:0504/130611.044:VERBOSE1:video_capture_oracle.cc(250)] Client rejects proposal to capture frame (at #188).
[46896:4584:0504/130611.052:VERBOSE1:video_capture_oracle.cc(250)] Client rejects proposal to capture frame (at #188).
[46896:4584:0504/130611.066:VERBOSE1:video_capture_oracle.cc(250)] Client rejects proposal to capture frame (at #188).
[46896:4584:0504/130611.089:VERBOSE1:video_capture_oracle.cc(250)] Client rejects proposal to capture frame (at #188).
[46896:4584:0504/130611.102:VERBOSE1:video_capture_oracle.cc(250)] Client rejects proposal to capture frame (at #188).
[46896:4584:0504/130611.121:VERBOSE1:video_capture_oracle.cc(250)] Client rejects proposal to capture frame (at #188).
[46896:4584:0504/130611.136:VERBOSE1:video_capture_oracle.cc(250)] Client rejects proposal to capture frame (at #188).
[46896:4584:0504/130611.167:VERBOSE1:video_capture_oracle.cc(250)] Client rejects proposal to capture frame (at #189).
[46896:4584:0504/130611.183:VERBOSE1:video_capture_oracle.cc(250)] Client rejects proposal to capture frame (at #189).
[46896:4584:0504/130611.220:VERBOSE1:video_capture_oracle.cc(250)] Client rejects proposal to capture frame (at #190).
[46896:4584:0504/130611.238:VERBOSE1:video_capture_oracle.cc(250)] Client rejects proposal to capture frame (at #190).
[46896:4584:0504/130611.286:VERBOSE1:video_capture_oracle.cc(250)] Client rejects proposal to capture frame (at #190).
[46896:4584:0504/130621.618:VERBOSE1:video_capture_oracle.cc(250)] Client rejects proposal to capture frame (at #202).
[46896:4584:0504/130621.667:VERBOSE1:video_capture_oracle.cc(250)] Client rejects proposal to capture frame (at #204).
[46896:4584:0504/130621.704:VERBOSE1:video_capture_oracle.cc(250)] Client rejects proposal to capture frame (at #205).
[46896:4584:0504/130621.727:VERBOSE1:video_capture_oracle.cc(250)] Client rejects proposal to capture frame (at #205).
[46896:4584:0504/131103.297:VERBOSE1:video_capture_oracle.cc(91)] Capture size auto-throttling is now enabled.
[46896:4584:0504/131103.297:VERBOSE1:video_capture_oracle.cc(120)] Capture size auto-throttling is now disabled.
[46896:4584:0504/131103.297:VERBOSE1:capture_resolution_chooser.cc(205)] Recomputed snapped frame sizes: 2x2
[46896:4584:0504/131103.297:VERBOSE1:capture_resolution_chooser.cc(157)] Recomputed capture size from 640x360 to 2x2 (100% of ideal size)
[46896:4584:0504/131103.482:VERBOSE1:capture_resolution_chooser.cc(205)] Recomputed snapped frame sizes: 2x2
[46896:4584:0504/131103.553:VERBOSE1:capture_resolution_chooser.cc(205)] Recomputed snapped frame sizes: 2036x1170
[46896:4584:0504/131103.553:VERBOSE1:capture_resolution_chooser.cc(157)] Recomputed capture size from 2x2 to 2036x1170 (100% of ideal size)
[46896:4584:0504/131103.553:VERBOSE1:capture_resolution_chooser.cc(205)] Recomputed snapped frame sizes: 2036x1170
[46896:4584:0504/131105.494:VERBOSE1:video_capture_oracle.cc(91)] Capture size auto-throttling is now enabled.
[46896:4584:0504/131105.494:VERBOSE1:video_capture_oracle.cc(120)] Capture size auto-throttling is now disabled.
[46896:4584:0504/131105.494:VERBOSE1:capture_resolution_chooser.cc(205)] Recomputed snapped frame sizes: 2036x1170
[46896:4584:0504/131105.494:VERBOSE1:capture_resolution_chooser.cc(157)] Recomputed capture size from 640x360 to 2036x1170 (100% of ideal size)
[50756:26616:0504/131105.495:WARNING:frame_impl.cc(430)] virtual CefFrameImpl::SendProcessMessage sent to detached frame 11-9A27F83C2050E01F799FB013EB298C25 will be ignored
[46896:4584:0504/131106.062:VERBOSE1:capture_resolution_chooser.cc(205)] Recomputed snapped frame sizes: 2036x1170
[46896:4584:0504/131107.461:VERBOSE1:video_capture_oracle.cc(250)] Client rejects proposal to capture frame (at #12).
[46896:4584:0504/131107.478:VERBOSE1:video_capture_oracle.cc(250)] Client rejects proposal to capture frame (at #12).
[46896:4584:0504/131107.496:VERBOSE1:video_capture_oracle.cc(250)] Client rejects proposal to capture frame (at #12).
[46896:4584:0504/131107.511:VERBOSE1:video_capture_oracle.cc(250)] Client rejects proposal to capture frame (at #12).
[46896:4584:0504/131107.529:VERBOSE1:video_capture_oracle.cc(250)] Client rejects proposal to capture frame (at #12).
[46896:4584:0504/131107.544:VERBOSE1:video_capture_oracle.cc(250)] Client rejects proposal to capture frame (at #12).
[46896:4584:0504/131107.563:VERBOSE1:video_capture_oracle.cc(250)] Client rejects proposal to capture frame (at #12).
[46896:4584:0504/131107.579:VERBOSE1:video_capture_oracle.cc(250)] Client rejects proposal to capture frame (at #12).
[46896:4584:0504/131107.595:VERBOSE1:video_capture_oracle.cc(250)] Client rejects proposal to capture frame (at #12).
[46896:4584:0504/131107.926:VERBOSE1:video_capture_oracle.cc(250)] Client rejects proposal to capture frame (at #13).
[46896:4584:0504/131107.928:VERBOSE1:video_capture_oracle.cc(250)] Client rejects proposal to capture frame (at #13).
[46896:4584:0504/131107.948:VERBOSE1:video_capture_oracle.cc(250)] Client rejects proposal to capture frame (at #13).
[46896:4584:0504/131107.964:VERBOSE1:video_capture_oracle.cc(250)] Client rejects proposal to capture frame (at #13).
[46896:4584:0504/131107.979:VERBOSE1:video_capture_oracle.cc(250)] Client rejects proposal to capture frame (at #13).
[46896:4584:0504/131107.996:VERBOSE1:video_capture_oracle.cc(250)] Client rejects proposal to capture frame (at #13).
[46896:4584:0504/131108.012:VERBOSE1:video_capture_oracle.cc(250)] Client rejects proposal to capture frame (at #13).
[46896:4584:0504/131108.029:VERBOSE1:video_capture_oracle.cc(250)] Client rejects proposal to capture frame (at #13).
[46896:4584:0504/131108.047:VERBOSE1:video_capture_oracle.cc(250)] Client rejects proposal to capture frame (at #13).
[46896:4584:0504/131108.062:VERBOSE1:video_capture_oracle.cc(250)] Client rejects proposal to capture frame (at #13).
[46896:4584:0504/131108.088:VERBOSE1:video_capture_oracle.cc(250)] Client rejects proposal to capture frame (at #13).
[46896:4584:0504/131108.096:VERBOSE1:video_capture_oracle.cc(250)] Client rejects proposal to capture frame (at #13).
[46896:4584:0504/131108.120:VERBOSE1:video_capture_oracle.cc(250)] Client rejects proposal to capture frame (at #13).
[46896:4584:0504/131124.929:VERBOSE1:video_capture_oracle.cc(250)] Client rejects proposal to capture frame (at #54).
[46896:4584:0504/131124.965:VERBOSE1:video_capture_oracle.cc(250)] Client rejects proposal to capture frame (at #55).
[46896:4584:0504/131124.979:VERBOSE1:video_capture_oracle.cc(250)] Client rejects proposal to capture frame (at #55).
[46896:4584:0504/131124.998:VERBOSE1:video_capture_oracle.cc(250)] Client rejects proposal to capture frame (at #55).
[46896:4584:0504/131125.013:VERBOSE1:video_capture_oracle.cc(250)] Client rejects proposal to capture frame (at #55).
[46896:4584:0504/131125.029:VERBOSE1:video_capture_oracle.cc(250)] Client rejects proposal to capture frame (at #55).
[46896:4584:0504/131125.045:VERBOSE1:video_capture_oracle.cc(250)] Client rejects proposal to capture frame (at #55).
[46896:4584:0504/131125.063:VERBOSE1:video_capture_oracle.cc(250)] Client rejects proposal to capture frame (at #55).
[46896:4584:0504/131125.082:VERBOSE1:video_capture_oracle.cc(250)] Client rejects proposal to capture frame (at #55).
[46896:4584:0504/131125.095:VERBOSE1:video_capture_oracle.cc(250)] Client rejects proposal to capture frame (at #55).
[46896:4584:0504/131125.279:VERBOSE1:video_capture_oracle.cc(250)] Client rejects proposal to capture frame (at #58).
[46896:4584:0504/131125.296:VERBOSE1:video_capture_oracle.cc(250)] Client rejects proposal to capture frame (at #58).
[46896:4584:0504/131125.312:VERBOSE1:video_capture_oracle.cc(250)] Client rejects proposal to capture frame (at #58).
[46896:4584:0504/131125.331:VERBOSE1:video_capture_oracle.cc(250)] Client rejects proposal to capture frame (at #58).
[46896:4584:0504/131125.345:VERBOSE1:video_capture_oracle.cc(250)] Client rejects proposal to capture frame (at #58).
[46896:4584:0504/131125.395:VERBOSE1:video_capture_oracle.cc(250)] Client rejects proposal to capture frame (at #58).
[46896:4584:0504/131125.411:VERBOSE1:video_capture_oracle.cc(250)] Client rejects proposal to capture frame (at #58).
[46896:4584:0504/131125.428:VERBOSE1:video_capture_oracle.cc(250)] Client rejects proposal to capture frame (at #58).
[46896:4584:0504/131125.461:VERBOSE1:video_capture_oracle.cc(250)] Client rejects proposal to capture frame (at #59).
[46896:4584:0504/131125.478:VERBOSE1:video_capture_oracle.cc(250)] Client rejects proposal to capture frame (at #59).
[46896:4584:0504/131125.495:VERBOSE1:video_capture_oracle.cc(250)] Client rejects proposal to capture frame (at #59).
[46896:4584:0504/131125.511:VERBOSE1:video_capture_oracle.cc(250)] Client rejects proposal to capture frame (at #59).
[46896:4584:0504/131125.528:VERBOSE1:video_capture_oracle.cc(250)] Client rejects proposal to capture frame (at #59).
[46896:4584:0504/131125.665:VERBOSE1:video_capture_oracle.cc(250)] Client rejects proposal to capture frame (at #60).
[46896:4584:0504/131125.680:VERBOSE1:video_capture_oracle.cc(250)] Client rejects proposal to capture frame (at #60).
[46896:4584:0504/131125.716:VERBOSE1:video_capture_oracle.cc(250)] Client rejects proposal to capture frame (at #61).
[46896:4584:0504/131125.729:VERBOSE1:video_capture_oracle.cc(250)] Client rejects proposal to capture frame (at #61).
[46896:4584:0504/131125.751:VERBOSE1:video_capture_oracle.cc(250)] Client rejects proposal to capture frame (at #61).
[46896:4584:0504/131125.765:VERBOSE1:video_capture_oracle.cc(250)] Client rejects proposal to capture frame (at #61).
[46896:4584:0504/131125.799:VERBOSE1:video_capture_oracle.cc(250)] Client rejects proposal to capture frame (at #62).
[46896:4584:0504/131125.814:VERBOSE1:video_capture_oracle.cc(250)] Client rejects proposal to capture frame (at #62).
[46896:4584:0504/131125.836:VERBOSE1:video_capture_oracle.cc(250)] Client rejects proposal to capture frame (at #62).
[46896:4584:0504/131125.848:VERBOSE1:video_capture_oracle.cc(250)] Client rejects proposal to capture frame (at #62).
[46896:4584:0504/131125.882:VERBOSE1:video_capture_oracle.cc(250)] Client rejects proposal to capture frame (at #63).
[46896:4584:0504/131125.896:VERBOSE1:video_capture_oracle.cc(250)] Client rejects proposal to capture frame (at #63).
[46896:4584:0504/131125.953:VERBOSE1:video_capture_oracle.cc(250)] Client rejects proposal to capture frame (at #65).
[46896:4584:0504/131126.051:VERBOSE1:video_capture_oracle.cc(250)] Client rejects proposal to capture frame (at #70).
[46896:4584:0504/131126.069:VERBOSE1:video_capture_oracle.cc(250)] Client rejects proposal to capture frame (at #70).
[46896:4584:0504/131126.087:VERBOSE1:video_capture_oracle.cc(250)] Client rejects proposal to capture frame (at #70).
[46896:4584:0504/131126.098:VERBOSE1:video_capture_oracle.cc(250)] Client rejects proposal to capture frame (at #70).
[46896:4584:0504/131126.148:VERBOSE1:video_capture_oracle.cc(250)] Client rejects proposal to capture frame (at #72).
[46896:4584:0504/131126.162:VERBOSE1:video_capture_oracle.cc(250)] Client rejects proposal to capture frame (at #72).
[46896:4584:0504/131126.178:VERBOSE1:video_capture_oracle.cc(250)] Client rejects proposal to capture frame (at #72).
[46896:4584:0504/131126.229:VERBOSE1:video_capture_oracle.cc(250)] Client rejects proposal to capture frame (at #74).
[46896:4584:0504/131126.245:VERBOSE1:video_capture_oracle.cc(250)] Client rejects proposal to capture frame (at #74).
[46896:4584:0504/131126.414:VERBOSE1:video_capture_oracle.cc(250)] Client rejects proposal to capture frame (at #78).
[46896:4584:0504/131126.429:VERBOSE1:video_capture_oracle.cc(250)] Client rejects proposal to capture frame (at #78).
[46896:4584:0504/131126.464:VERBOSE1:video_capture_oracle.cc(250)] Client rejects proposal to capture frame (at #79).
[46896:4584:0504/131126.481:VERBOSE1:video_capture_oracle.cc(250)] Client rejects proposal to capture frame (at #79).
[46896:4584:0504/131126.496:VERBOSE1:video_capture_oracle.cc(250)] Client rejects proposal to capture frame (at #79).
[46896:4584:0504/131126.514:VERBOSE1:video_capture_oracle.cc(250)] Client rejects proposal to capture frame (at #79).
[46896:4584:0504/131126.546:VERBOSE1:video_capture_oracle.cc(250)] Client rejects proposal to capture frame (at #80).
[46896:4584:0504/131126.562:VERBOSE1:video_capture_oracle.cc(250)] Client rejects proposal to capture frame (at #80).
[46896:4584:0504/131126.581:VERBOSE1:video_capture_oracle.cc(250)] Client rejects proposal to capture frame (at #80).
[46896:4584:0504/131126.595:VERBOSE1:video_capture_oracle.cc(250)] Client rejects proposal to capture frame (at #80).
[46896:4584:0504/131126.614:VERBOSE1:video_capture_oracle.cc(250)] Client rejects proposal to capture frame (at #80).
[46896:4584:0504/131126.629:VERBOSE1:video_capture_oracle.cc(250)] Client rejects proposal to capture frame (at #80).
[46896:4584:0504/131126.648:VERBOSE1:video_capture_oracle.cc(250)] Client rejects proposal to capture frame (at #80).
[46896:4584:0504/131131.362:VERBOSE1:video_capture_oracle.cc(250)] Client rejects proposal to capture frame (at #112).
[46896:4584:0504/131131.394:VERBOSE1:video_capture_oracle.cc(250)] Client rejects proposal to capture frame (at #113).
[46896:4584:0504/131131.412:VERBOSE1:video_capture_oracle.cc(250)] Client rejects proposal to capture frame (at #113).
[46896:4584:0504/131131.428:VERBOSE1:video_capture_oracle.cc(250)] Client rejects proposal to capture frame (at #113).
[46896:4584:0504/131131.446:VERBOSE1:video_capture_oracle.cc(250)] Client rejects proposal to capture frame (at #113).
[46896:4584:0504/131131.462:VERBOSE1:video_capture_oracle.cc(250)] Client rejects proposal to capture frame (at #113).
[46896:4584:0504/131131.478:VERBOSE1:video_capture_oracle.cc(250)] Client rejects proposal to capture frame (at #113).
[46896:4584:0504/131131.494:VERBOSE1:video_capture_oracle.cc(250)] Client rejects proposal to capture frame (at #113).
[46896:4584:0504/131131.511:VERBOSE1:video_capture_oracle.cc(250)] Client rejects proposal to capture frame (at #113).
[46896:4584:0504/131131.527:VERBOSE1:video_capture_oracle.cc(250)] Client rejects proposal to capture frame (at #113).
[46896:4584:0504/131131.545:VERBOSE1:video_capture_oracle.cc(250)] Client rejects proposal to capture frame (at #113).
[46896:4584:0504/131131.561:VERBOSE1:video_capture_oracle.cc(250)] Client rejects proposal to capture frame (at #113).
[46896:4584:0504/131131.594:VERBOSE1:video_capture_oracle.cc(250)] Client rejects proposal to capture frame (at #114).
[46896:4584:0504/131131.612:VERBOSE1:video_capture_oracle.cc(250)] Client rejects proposal to capture frame (at #114).
[46896:4584:0504/131131.628:VERBOSE1:video_capture_oracle.cc(250)] Client rejects proposal to capture frame (at #114).
[46896:4584:0504/131131.644:VERBOSE1:video_capture_oracle.cc(250)] Client rejects proposal to capture frame (at #114).
[46896:4584:0504/131131.662:VERBOSE1:video_capture_oracle.cc(250)] Client rejects proposal to capture frame (at #114).
[46896:4584:0504/131131.677:VERBOSE1:video_capture_oracle.cc(250)] Client rejects proposal to capture frame (at #114).
[46896:4584:0504/131132.498:VERBOSE1:video_capture_oracle.cc(250)] Client rejects proposal to capture frame (at #123).
[46896:4584:0504/131132.518:VERBOSE1:video_capture_oracle.cc(250)] Client rejects proposal to capture frame (at #123).
[46896:4584:0504/131132.534:VERBOSE1:video_capture_oracle.cc(250)] Client rejects proposal to capture frame (at #123).
[46896:4584:0504/131132.547:VERBOSE1:video_capture_oracle.cc(250)] Client rejects proposal to capture frame (at #123).
[46896:4584:0504/131132.563:VERBOSE1:video_capture_oracle.cc(250)] Client rejects proposal to capture frame (at #123).
[46896:4584:0504/131132.581:VERBOSE1:video_capture_oracle.cc(250)] Client rejects proposal to capture frame (at #123).
[46896:4584:0504/131132.599:VERBOSE1:video_capture_oracle.cc(250)] Client rejects proposal to capture frame (at #123).
[46896:4584:0504/131132.624:VERBOSE1:video_capture_oracle.cc(250)] Client rejects proposal to capture frame (at #123).
[46896:4584:0504/131132.635:VERBOSE1:video_capture_oracle.cc(250)] Client rejects proposal to capture frame (at #123).
[46896:4584:0504/131132.645:VERBOSE1:video_capture_oracle.cc(250)] Client rejects proposal to capture frame (at #123).
[46896:4584:0504/131132.665:VERBOSE1:video_capture_oracle.cc(250)] Client rejects proposal to capture frame (at #123).
[46896:4584:0504/131133.042:VERBOSE1:video_capture_oracle.cc(250)] Client rejects proposal to capture frame (at #123).
[46896:4584:0504/131133.134:VERBOSE1:video_capture_oracle.cc(250)] Client rejects proposal to capture frame (at #123).
[46896:4584:0504/131133.189:VERBOSE1:video_capture_oracle.cc(250)] Client rejects proposal to capture frame (at #123).
[46896:4584:0504/131134.314:VERBOSE1:video_capture_oracle.cc(250)] Client rejects proposal to capture frame (at #125).
[46896:4584:0504/131134.330:VERBOSE1:video_capture_oracle.cc(250)] Client rejects proposal to capture frame (at #125).
[46896:4584:0504/131134.349:VERBOSE1:video_capture_oracle.cc(250)] Client rejects proposal to capture frame (at #125).
[46896:4584:0504/131134.366:VERBOSE1:video_capture_oracle.cc(250)] Client rejects proposal to capture frame (at #125).
[46896:4584:0504/131134.383:VERBOSE1:video_capture_oracle.cc(250)] Client rejects proposal to capture frame (at #125).
[46896:4584:0504/131134.603:VERBOSE1:video_capture_oracle.cc(250)] Client rejects proposal to capture frame (at #125).
[46896:4584:0504/131134.615:VERBOSE1:video_capture_oracle.cc(250)] Client rejects proposal to capture frame (at #125).
[46896:4584:0504/131134.630:VERBOSE1:video_capture_oracle.cc(250)] Client rejects proposal to capture frame (at #125).
[46896:4584:0504/131157.293:VERBOSE1:video_capture_oracle.cc(250)] Client rejects proposal to capture frame (at #224).
[46896:4584:0504/131204.779:VERBOSE1:video_capture_oracle.cc(250)] Client rejects proposal to capture frame (at #241).
[46896:4584:0504/131204.795:VERBOSE1:video_capture_oracle.cc(250)] Client rejects proposal to capture frame (at #241).
[46896:4584:0504/131204.813:VERBOSE1:video_capture_oracle.cc(250)] Client rejects proposal to capture frame (at #241).
[46896:4584:0504/131204.830:VERBOSE1:video_capture_oracle.cc(250)] Client rejects proposal to capture frame (at #241).
[46896:4584:0504/131204.845:VERBOSE1:video_capture_oracle.cc(250)] Client rejects proposal to capture frame (at #241).
[46896:4584:0504/131204.862:VERBOSE1:video_capture_oracle.cc(250)] Client rejects proposal to capture frame (at #241).
[46896:4584:0504/131335.531:VERBOSE1:video_capture_oracle.cc(250)] Client rejects proposal to capture frame (at #798).
[46896:4584:0504/131335.541:VERBOSE1:video_capture_oracle.cc(250)] Client rejects proposal to capture frame (at #798).
[46896:4584:0504/131335.559:VERBOSE1:video_capture_oracle.cc(250)] Client rejects proposal to capture frame (at #798).
[46896:4584:0504/131335.576:VERBOSE1:video_capture_oracle.cc(250)] Client rejects proposal to capture frame (at #798).
[46896:4584:0504/131335.592:VERBOSE1:video_capture_oracle.cc(250)] Client rejects proposal to capture frame (at #798).
[46896:4584:0504/131335.618:VERBOSE1:video_capture_oracle.cc(250)] Client rejects proposal to capture frame (at #798).
[46896:4584:0504/131335.625:VERBOSE1:video_capture_oracle.cc(250)] Client rejects proposal to capture frame (at #798).
[46896:4584:0504/131335.642:VERBOSE1:video_capture_oracle.cc(250)] Client rejects proposal to capture frame (at #798).
[46896:4584:0504/131335.661:VERBOSE1:video_capture_oracle.cc(250)] Client rejects proposal to capture frame (at #798).
[46896:4584:0504/131335.676:VERBOSE1:video_capture_oracle.cc(250)] Client rejects proposal to capture frame (at #798).
[46896:4584:0504/131335.694:VERBOSE1:video_capture_oracle.cc(250)] Client rejects proposal to capture frame (at #798).
[46896:4584:0504/131335.711:VERBOSE1:video_capture_oracle.cc(250)] Client rejects proposal to capture frame (at #798).
[46896:4584:0504/131335.725:VERBOSE1:video_capture_oracle.cc(250)] Client rejects proposal to capture frame (at #798).
[46896:4584:0504/131335.743:VERBOSE1:video_capture_oracle.cc(250)] Client rejects proposal to capture frame (at #798).
[46896:4584:0504/131335.759:VERBOSE1:video_capture_oracle.cc(250)] Client rejects proposal to capture frame (at #798).
[34628:35004:0504/131359.204:WARNING:pref_notifier_impl.cc(41)] Pref observer for media_router.cast_allow_all_ips found at shutdown.
